学号：,1,,班级:,高二1班
星期一,数学,生物,语文,物理,化学,单双周,班会,
星期二,英语,物理,数学,语文,体育,自习,化学,
星期三,英语,语文,语文,数学,化学,物理,生物,
星期四,语文,英语,生物,数学,自习,化学,
星期五,英语,英语,数学,数学,生物,体育,物理,

学号：,2,,班级:,高二5班
星期一,英语,物理,数学,历史,体育,地理,班会,
星期二,英语,英语,数学,语文,地理,历史,
星期三,英语,数学,语文,语文,自习,地理,物理,
星期四,英语,数学,物理,语文,地理,体育,历史,
星期五,单双周,语文,数学,数学,物理,历史,自习,

学号：,3,,班级:,高二10班
星期一,数学,历史,英语,生物,体育,班会,
星期二,语文,语文,数学,英语,物理,生物,自习,
星期三,数学,数学,语文,英语,物理,体育,历史,
星期四,语文,数学,历史,生物,物理,单双周,自习,
星期五,数学,语文,英语,英语,历史,生物,物理,

学号：,4,,班级:,高二1班
星期一,数学,生物,语文,物理,化学,单双周,班会,
星期二,英语,物理,数学,语文,体育,自习,化学,
星期三,英语,语文,语文,数学,化学,物理,生物,
星期四,语文,英语,生物,数学,自习,化学,
星期五,英语,英语,数学,数学,生物,体育,物理,

学号：,5,,班级:,高二3班
星期一,数学,地理,语文,政治,单双周,体育,班会,
星期二,英语,数学,语文,政治,物理,自习,
星期三,数学,语文,语文,英语,物理,体育,地理,
星期四,语文,数学,地理,英语,自习,政治,物理,
星期五,数学,数学,英语,英语,地理,物理,政治,

学号：,6,,班级:,高二3班
星期一,数学,历史,语文,政治,单双周,体育,班会,
星期二,英语,数学,语文,政治,物理,自习,
星期三,数学,语文,语文,英语,物理,体育,历史,
星期四,语文,数学,历史,英语,自习,政治,物理,
星期五,数学,数学,英语,英语,历史,物理,政治,

学号：,7,,班级:,高二3班
星期一,数学,历史,语文,政治,单双周,体育,班会,
星期二,英语,数学,语文,政治,物理,自习,
星期三,数学,语文,语文,英语,物理,体育,历史,
星期四,语文,数学,历史,英语,自习,政治,物理,
星期五,数学,数学,英语,英语,历史,物理,政治,

学号：,8,,班级:,高二5班
星期一,英语,生物,数学,历史,体育,地理,班会,
星期二,英语,英语,数学,语文,地理,历史,
星期三,英语,数学,语文,语文,自习,地理,生物,
星期四,英语,数学,生物,语文,地理,体育,历史,
星期五,单双周,语文,数学,数学,生物,历史,自习,

学号：,9,,班级:,高二1班
星期一,数学,历史,语文,物理,化学,单双周,班会,
星期二,英语,物理,数学,语文,体育,自习,化学,
星期三,英语,语文,语文,数学,化学,物理,历史,
星期四,语文,英语,历史,数学,自习,化学,
星期五,英语,英语,数学,数学,历史,体育,物理,

学号：,10,,班级:,高二6班
星期一,英语,历史,数学,数学,生物,自习,班会,
星期二,语文,语文,政治,数学,体育,生物,
星期三,数学,语文,单双周,英语,政治,生物,历史,
星期四,语文,数学,历史,英语,自习,政治,生物,
星期五,英语,英语,数学,语文,历史,政治,体育,

学号：,11,,班级:,高二6班
星期一,英语,地理,数学,数学,生物,自习,班会,
星期二,语文,语文,政治,数学,体育,生物,
星期三,数学,语文,单双周,英语,政治,生物,地理,
星期四,语文,数学,地理,英语,自习,政治,生物,
星期五,英语,英语,数学,语文,地理,政治,体育,

学号：,12,,班级:,高二1班
星期一,数学,政治,语文,物理,化学,单双周,班会,
星期二,英语,物理,数学,语文,体育,自习,化学,
星期三,英语,语文,语文,数学,化学,物理,政治,
星期四,语文,英语,政治,数学,自习,化学,
星期五,英语,英语,数学,数学,政治,体育,物理,

学号：,13,,班级:,高二1班
星期一,数学,生物,语文,物理,化学,单双周,班会,
星期二,英语,物理,数学,语文,体育,自习,化学,
星期三,英语,语文,语文,数学,化学,物理,生物,
星期四,语文,英语,生物,数学,自习,化学,
星期五,英语,英语,数学,数学,生物,体育,物理,

学号：,14,,班级:,高二5班
星期一,英语,化学,数学,历史,体育,地理,班会,
星期二,英语,英语,数学,语文,地理,历史,
星期三,英语,数学,语文,语文,自习,地理,化学,
星期四,英语,数学,化学,语文,地理,体育,历史,
星期五,单双周,语文,数学,数学,化学,历史,自习,

学号：,15,,班级:,高二7班
星期一,英语,生物,数学,历史,语文,化学,班会,
星期二,语文,历史,英语,数学,化学,自习,体育,
星期三,英语,化学,数学,数学,单双周,历史,生物,
星期四,语文,语文,生物,数学,化学,体育,
星期五,英语,英语,数学,语文,生物,自习,历史,

学号：,16,,班级:,高二6班
星期一,英语,化学,数学,数学,生物,自习,班会,
星期二,语文,语文,政治,数学,体育,生物,
星期三,数学,语文,单双周,英语,政治,生物,化学,
星期四,语文,数学,化学,英语,自习,政治,生物,
星期五,英语,英语,数学,语文,化学,政治,体育,

学号：,17,,班级:,高二6班
星期一,英语,化学,数学,数学,生物,自习,班会,
星期二,语文,语文,政治,数学,体育,生物,
星期三,数学,语文,单双周,英语,政治,生物,化学,
星期四,语文,数学,化学,英语,自习,政治,生物,
星期五,英语,英语,数学,语文,化学,政治,体育,

学号：,18,,班级:,高二6班
星期一,英语,化学,数学,数学,生物,自习,班会,
星期二,语文,语文,政治,数学,体育,生物,
星期三,数学,语文,单双周,英语,政治,生物,化学,
星期四,语文,数学,化学,英语,自习,政治,生物,
星期五,英语,英语,数学,语文,化学,政治,体育,

学号：,19,,班级:,高二3班
星期一,数学,地理,语文,政治,单双周,体育,班会,
星期二,英语,数学,语文,政治,物理,自习,
星期三,数学,语文,语文,英语,物理,体育,地理,
星期四,语文,数学,地理,英语,自习,政治,物理,
星期五,数学,数学,英语,英语,地理,物理,政治,

学号：,20,,班级:,高二6班
星期一,英语,地理,数学,数学,生物,自习,班会,
星期二,语文,语文,政治,数学,体育,生物,
星期三,数学,语文,单双周,英语,政治,生物,地理,
星期四,语文,数学,地理,英语,自习,政治,生物,
星期五,英语,英语,数学,语文,地理,政治,体育,

学号：,21,,班级:,高二8班
星期一,语文,地理,数学,政治,化学,单双周,班会,
星期二,语文,政治,英语,数学,体育,自习,化学,
星期三,英语,英语,语文,语文,数学,政治,地理,
星期四,英语,数学,地理,语文,化学,自习,
星期五,数学,数学,英语,化学,地理,体育,政治,

学号：,22,,班级:,高二10班
星期一,数学,地理,英语,生物,体育,班会,
星期二,语文,语文,数学,英语,物理,生物,自习,
星期三,数学,数学,语文,英语,物理,体育,地理,
星期四,语文,数学,地理,生物,物理,单双周,自习,
星期五,数学,语文,英语,英语,地理,生物,物理,

学号：,23,,班级:,高二1班
星期一,数学,政治,语文,物理,化学,单双周,班会,
星期二,英语,物理,数学,语文,体育,自习,化学,
星期三,英语,语文,语文,数学,化学,物理,政治,
星期四,语文,英语,政治,数学,自习,化学,
星期五,英语,英语,数学,数学,政治,体育,物理,

学号：,24,,班级:,高二1班
星期一,数学,地理,语文,物理,化学,单双周,班会,
星期二,英语,物理,数学,语文,体育,自习,化学,
星期三,英语,语文,语文,数学,化学,物理,地理,
星期四,语文,英语,地理,数学,自习,化学,
星期五,英语,英语,数学,数学,地理,体育,物理,

学号：,25,,班级:,高二1班
星期一,数学,生物,语文,物理,化学,单双周,班会,
星期二,英语,物理,数学,语文,体育,自习,化学,
星期三,英语,语文,语文,数学,化学,物理,生物,
星期四,语文,英语,生物,数学,自习,化学,
星期五,英语,英语,数学,数学,生物,体育,物理,

学号：,26,,班级:,高二3班
星期一,数学,地理,语文,政治,单双周,体育,班会,
星期二,英语,数学,语文,政治,物理,自习,
星期三,数学,语文,语文,英语,物理,体育,地理,
星期四,语文,数学,地理,英语,自习,政治,物理,
星期五,数学,数学,英语,英语,地理,物理,政治,

学号：,27,,班级:,高二2班
星期一,数学,历史,生物,英语,体育,物理,班会,
星期二,数学,数学,语文,语文,自习,生物,
星期三,语文,数学,英语,体育,物理,生物,历史,
星期四,数学,语文,历史,自习,英语,物理,单双周,
星期五,英语,英语,语文,数学,历史,物理,生物,

学号：,28,,班级:,高二6班
星期一,英语,化学,数学,数学,生物,自习,班会,
星期二,语文,语文,政治,数学,体育,生物,
星期三,数学,语文,单双周,英语,政治,生物,化学,
星期四,语文,数学,化学,英语,自习,政治,生物,
星期五,英语,英语,数学,语文,化学,政治,体育,

学号：,29,,班级:,高二2班
星期一,数学,历史,生物,英语,体育,物理,班会,
星期二,数学,数学,语文,语文,自习,生物,
星期三,语文,数学,英语,体育,物理,生物,历史,
星期四,数学,语文,历史,自习,英语,物理,单双周,
星期五,英语,英语,语文,数学,历史,物理,生物,

学号：,30,,班级:,高二1班
星期一,数学,地理,语文,物理,化学,单双周,班会,
星期二,英语,物理,数学,语文,体育,自习,化学,
星期三,英语,语文,语文,数学,化学,物理,地理,
星期四,语文,英语,地理,数学,自习,化学,
星期五,英语,英语,数学,数学,地理,体育,物理,

学号：,31,,班级:,高二7班
星期一,英语,政治,数学,历史,语文,化学,班会,
星期二,语文,历史,英语,数学,化学,自习,体育,
星期三,英语,化学,数学,数学,单双周,历史,政治,
星期四,语文,语文,政治,数学,化学,体育,
星期五,英语,英语,数学,语文,政治,自习,历史,

学号：,32,,班级:,高二7班
星期一,英语,生物,数学,历史,语文,化学,班会,
星期二,语文,历史,英语,数学,化学,自习,体育,
星期三,英语,化学,数学,数学,单双周,历史,生物,
星期四,语文,语文,生物,数学,化学,体育,
星期五,英语,英语,数学,语文,生物,自习,历史,

学号：,33,,班级:,高二1班
星期一,数学,生物,语文,物理,化学,单双周,班会,
星期二,英语,物理,数学,语文,体育,自习,化学,
星期三,英语,语文,语文,数学,化学,物理,生物,
星期四,语文,英语,生物,数学,自习,化学,
星期五,英语,英语,数学,数学,生物,体育,物理,

学号：,34,,班级:,高二7班
星期一,英语,生物,数学,历史,语文,化学,班会,
星期二,语文,历史,英语,数学,化学,自习,体育,
星期三,英语,化学,数学,数学,单双周,历史,生物,
星期四,语文,语文,生物,数学,化学,体育,
星期五,英语,英语,数学,语文,生物,自习,历史,

学号：,35,,班级:,高二10班
星期一,数学,历史,英语,生物,体育,班会,
星期二,语文,语文,数学,英语,物理,生物,自习,
星期三,数学,数学,语文,英语,物理,体育,历史,
星期四,语文,数学,历史,生物,物理,单双周,自习,
星期五,数学,语文,英语,英语,历史,生物,物理,

学号：,36,,班级:,高二3班
星期一,数学,历史,语文,政治,单双周,体育,班会,
星期二,英语,数学,语文,政治,物理,自习,
星期三,数学,语文,语文,英语,物理,体育,历史,
星期四,语文,数学,历史,英语,自习,政治,物理,
星期五,数学,数学,英语,英语,历史,物理,政治,

学号：,37,,班级:,高二1班
星期一,数学,政治,语文,物理,化学,单双周,班会,
星期二,英语,物理,数学,语文,体育,自习,化学,
星期三,英语,语文,语文,数学,化学,物理,政治,
星期四,语文,英语,政治,数学,自习,化学,
星期五,英语,英语,数学,数学,政治,体育,物理,

学号：,38,,班级:,高二10班
星期一,数学,地理,英语,生物,体育,班会,
星期二,语文,语文,数学,英语,物理,生物,自习,
星期三,数学,数学,语文,英语,物理,体育,地理,
星期四,语文,数学,地理,生物,物理,单双周,自习,
星期五,数学,语文,英语,英语,地理,生物,物理,

学号：,39,,班级:,高二2班
星期一,数学,地理,生物,英语,体育,物理,班会,
星期二,数学,数学,语文,语文,自习,生物,
星期三,语文,数学,英语,体育,物理,生物,地理,
星期四,数学,语文,地理,自习,英语,物理,单双周,
星期五,英语,英语,语文,数学,地理,物理,生物,

学号：,40,,班级:,高二3班
星期一,数学,历史,语文,政治,单双周,体育,班会,
星期二,英语,数学,语文,政治,物理,自习,
星期三,数学,语文,语文,英语,物理,体育,历史,
星期四,语文,数学,历史,英语,自习,政治,物理,
星期五,数学,数学,英语,英语,历史,物理,政治,

学号：,41,,班级:,高二3班
星期一,数学,历史,语文,政治,单双周,体育,班会,
星期二,英语,数学,语文,政治,物理,自习,
星期三,数学,语文,语文,英语,物理,体育,历史,
星期四,语文,数学,历史,英语,自习,政治,物理,
星期五,数学,数学,英语,英语,历史,物理,政治,

学号：,42,,班级:,高二2班
星期一,数学,政治,生物,英语,体育,物理,班会,
星期二,数学,数学,语文,语文,自习,生物,
星期三,语文,数学,英语,体育,物理,生物,政治,
星期四,数学,语文,政治,自习,英语,物理,单双周,
星期五,英语,英语,语文,数学,政治,物理,生物,

学号：,43,,班级:,高二8班
星期一,语文,地理,数学,政治,化学,单双周,班会,
星期二,语文,政治,英语,数学,体育,自习,化学,
星期三,英语,英语,语文,语文,数学,政治,地理,
星期四,英语,数学,地理,语文,化学,自习,
星期五,数学,数学,英语,化学,地理,体育,政治,

学号：,44,,班级:,高二6班
星期一,英语,地理,数学,数学,生物,自习,班会,
星期二,语文,语文,政治,数学,体育,生物,
星期三,数学,语文,单双周,英语,政治,生物,地理,
星期四,语文,数学,地理,英语,自习,政治,生物,
星期五,英语,英语,数学,语文,地理,政治,体育,

学号：,45,,班级:,高二2班
星期一,数学,历史,生物,英语,体育,物理,班会,
星期二,数学,数学,语文,语文,自习,生物,
星期三,语文,数学,英语,体育,物理,生物,历史,
星期四,数学,语文,历史,自习,英语,物理,单双周,
星期五,英语,英语,语文,数学,历史,物理,生物,

学号：,46,,班级:,高二4班
星期一,数学,历史,英语,语文,体育,化学,班会,
星期二,英语,英语,数学,数学,化学,生物,
星期三,语文,单双周,英语,数学,生物,自习,历史,
星期四,语文,语文,历史,数学,体育,生物,化学,
星期五,语文,英语,化学,数学,历史,生物,自习,

学号：,47,,班级:,高二1班
星期一,数学,政治,语文,物理,化学,单双周,班会,
星期二,英语,物理,数学,语文,体育,自习,化学,
星期三,英语,语文,语文,数学,化学,物理,政治,
星期四,语文,英语,政治,数学,自习,化学,
星期五,英语,英语,数学,数学,政治,体育,物理,

学号：,48,,班级:,高二7班
星期一,英语,政治,数学,历史,语文,化学,班会,
星期二,语文,历史,英语,数学,化学,自习,体育,
星期三,英语,化学,数学,数学,单双周,历史,政治,
星期四,语文,语文,政治,数学,化学,体育,
星期五,英语,英语,数学,语文,政治,自习,历史,

学号：,49,,班级:,高二2班
星期一,数学,化学,生物,英语,体育,物理,班会,
星期二,数学,数学,语文,语文,自习,生物,
星期三,语文,数学,英语,体育,物理,生物,化学,
星期四,数学,语文,化学,自习,英语,物理,单双周,
星期五,英语,英语,语文,数学,化学,物理,生物,

学号：,50,,班级:,高二6班
星期一,英语,化学,数学,数学,生物,自习,班会,
星期二,语文,语文,政治,数学,体育,生物,
星期三,数学,语文,单双周,英语,政治,生物,化学,
星期四,语文,数学,化学,英语,自习,政治,生物,
星期五,英语,英语,数学,语文,化学,政治,体育,

学号：,51,,班级:,高二2班
星期一,数学,化学,生物,英语,体育,物理,班会,
星期二,数学,数学,语文,语文,自习,生物,
星期三,语文,数学,英语,体育,物理,生物,化学,
星期四,数学,语文,化学,自习,英语,物理,单双周,
星期五,英语,英语,语文,数学,化学,物理,生物,

学号：,52,,班级:,高二2班
星期一,数学,地理,生物,英语,体育,物理,班会,
星期二,数学,数学,语文,语文,自习,生物,
星期三,语文,数学,英语,体育,物理,生物,地理,
星期四,数学,语文,地理,自习,英语,物理,单双周,
星期五,英语,英语,语文,数学,地理,物理,生物,

学号：,53,,班级:,高二9班
星期一,语文,历史,数学,物理,英语,化学,班会,
星期二,语文,物理,数学,数学,单双周,化学,自习,
星期三,数学,英语,语文,语文,体育,物理,历史,
星期四,语文,数学,历史,英语,化学,自习,
星期五,英语,英语,数学,化学,历史,体育,物理,

学号：,54,,班级:,高二2班
星期一,数学,政治,生物,英语,体育,物理,班会,
星期二,数学,数学,语文,语文,自习,生物,
星期三,语文,数学,英语,体育,物理,生物,政治,
星期四,数学,语文,政治,自习,英语,物理,单双周,
星期五,英语,英语,语文,数学,政治,物理,生物,

学号：,55,,班级:,高二5班
星期一,英语,化学,数学,历史,体育,地理,班会,
星期二,英语,英语,数学,语文,地理,历史,
星期三,英语,数学,语文,语文,自习,地理,化学,
星期四,英语,数学,化学,语文,地理,体育,历史,
星期五,单双周,语文,数学,数学,化学,历史,自习,

学号：,56,,班级:,高二1班
星期一,数学,政治,语文,物理,化学,单双周,班会,
星期二,英语,物理,数学,语文,体育,自习,化学,
星期三,英语,语文,语文,数学,化学,物理,政治,
星期四,语文,英语,政治,数学,自习,化学,
星期五,英语,英语,数学,数学,政治,体育,物理,

学号：,57,,班级:,高二3班
星期一,数学,历史,语文,政治,单双周,体育,班会,
星期二,英语,数学,语文,政治,物理,自习,
星期三,数学,语文,语文,英语,物理,体育,历史,
星期四,语文,数学,历史,英语,自习,政治,物理,
星期五,数学,数学,英语,英语,历史,物理,政治,

学号：,58,,班级:,高二5班
星期一,英语,物理,数学,历史,体育,地理,班会,
星期二,英语,英语,数学,语文,地理,历史,
星期三,英语,数学,语文,语文,自习,地理,物理,
星期四,英语,数学,物理,语文,地理,体育,历史,
星期五,单双周,语文,数学,数学,物理,历史,自习,

学号：,59,,班级:,高二3班
星期一,数学,地理,语文,政治,单双周,体育,班会,
星期二,英语,数学,语文,政治,物理,自习,
星期三,数学,语文,语文,英语,物理,体育,地理,
星期四,语文,数学,地理,英语,自习,政治,物理,
星期五,数学,数学,英语,英语,地理,物理,政治,

学号：,60,,班级:,高二2班
星期一,数学,历史,生物,英语,体育,物理,班会,
星期二,数学,数学,语文,语文,自习,生物,
星期三,语文,数学,英语,体育,物理,生物,历史,
星期四,数学,语文,历史,自习,英语,物理,单双周,
星期五,英语,英语,语文,数学,历史,物理,生物,

学号：,61,,班级:,高二5班
星期一,英语,物理,数学,历史,体育,地理,班会,
星期二,英语,英语,数学,语文,地理,历史,
星期三,英语,数学,语文,语文,自习,地理,物理,
星期四,英语,数学,物理,语文,地理,体育,历史,
星期五,单双周,语文,数学,数学,物理,历史,自习,

学号：,62,,班级:,高二5班
星期一,英语,化学,数学,历史,体育,地理,班会,
星期二,英语,英语,数学,语文,地理,历史,
星期三,英语,数学,语文,语文,自习,地理,化学,
星期四,英语,数学,化学,语文,地理,体育,历史,
星期五,单双周,语文,数学,数学,化学,历史,自习,

学号：,63,,班级:,高二1班
星期一,数学,历史,语文,物理,化学,单双周,班会,
星期二,英语,物理,数学,语文,体育,自习,化学,
星期三,英语,语文,语文,数学,化学,物理,历史,
星期四,语文,英语,历史,数学,自习,化学,
星期五,英语,英语,数学,数学,历史,体育,物理,

学号：,64,,班级:,高二4班
星期一,数学,地理,英语,语文,体育,化学,班会,
星期二,英语,英语,数学,数学,化学,生物,
星期三,语文,单双周,英语,数学,生物,自习,地理,
星期四,语文,语文,地理,数学,体育,生物,化学,
星期五,语文,英语,化学,数学,地理,生物,自习,

学号：,65,,班级:,高二2班
星期一,数学,化学,生物,英语,体育,物理,班会,
星期二,数学,数学,语文,语文,自习,生物,
星期三,语文,数学,英语,体育,物理,生物,化学,
星期四,数学,语文,化学,自习,英语,物理,单双周,
星期五,英语,英语,语文,数学,化学,物理,生物,

学号：,66,,班级:,高二2班
星期一,数学,地理,生物,英语,体育,物理,班会,
星期二,数学,数学,语文,语文,自习,生物,
星期三,语文,数学,英语,体育,物理,生物,地理,
星期四,数学,语文,地理,自习,英语,物理,单双周,
星期五,英语,英语,语文,数学,地理,物理,生物,

学号：,67,,班级:,高二6班
星期一,英语,化学,数学,数学,生物,自习,班会,
星期二,语文,语文,政治,数学,体育,生物,
星期三,数学,语文,单双周,英语,政治,生物,化学,
星期四,语文,数学,化学,英语,自习,政治,生物,
星期五,英语,英语,数学,语文,化学,政治,体育,

学号：,68,,班级:,高二2班
星期一,数学,政治,生物,英语,体育,物理,班会,
星期二,数学,数学,语文,语文,自习,生物,
星期三,语文,数学,英语,体育,物理,生物,政治,
星期四,数学,语文,政治,自习,英语,物理,单双周,
星期五,英语,英语,语文,数学,政治,物理,生物,

学号：,69,,班级:,高二7班
星期一,英语,政治,数学,历史,语文,化学,班会,
星期二,语文,历史,英语,数学,化学,自习,体育,
星期三,英语,化学,数学,数学,单双周,历史,政治,
星期四,语文,语文,政治,数学,化学,体育,
星期五,英语,英语,数学,语文,政治,自习,历史,

学号：,70,,班级:,高二9班
星期一,语文,政治,数学,物理,英语,化学,班会,
星期二,语文,物理,数学,数学,单双周,化学,自习,
星期三,数学,英语,语文,语文,体育,物理,政治,
星期四,语文,数学,政治,英语,化学,自习,
星期五,英语,英语,数学,化学,政治,体育,物理,

学号：,71,,班级:,高二2班
星期一,数学,地理,生物,英语,体育,物理,班会,
星期二,数学,数学,语文,语文,自习,生物,
星期三,语文,数学,英语,体育,物理,生物,地理,
星期四,数学,语文,地理,自习,英语,物理,单双周,
星期五,英语,英语,语文,数学,地理,物理,生物,

学号：,72,,班级:,高二9班
星期一,语文,政治,数学,物理,英语,化学,班会,
星期二,语文,物理,数学,数学,单双周,化学,自习,
星期三,数学,英语,语文,语文,体育,物理,政治,
星期四,语文,数学,政治,英语,化学,自习,
星期五,英语,英语,数学,化学,政治,体育,物理,

学号：,73,,班级:,高二3班
星期一,数学,地理,语文,政治,单双周,体育,班会,
星期二,英语,数学,语文,政治,物理,自习,
星期三,数学,语文,语文,英语,物理,体育,地理,
星期四,语文,数学,地理,英语,自习,政治,物理,
星期五,数学,数学,英语,英语,地理,物理,政治,

学号：,74,,班级:,高二6班
星期一,英语,化学,数学,数学,生物,自习,班会,
星期二,语文,语文,政治,数学,体育,生物,
星期三,数学,语文,单双周,英语,政治,生物,化学,
星期四,语文,数学,化学,英语,自习,政治,生物,
星期五,英语,英语,数学,语文,化学,政治,体育,

学号：,75,,班级:,高二2班
星期一,数学,政治,生物,英语,体育,物理,班会,
星期二,数学,数学,语文,语文,自习,生物,
星期三,语文,数学,英语,体育,物理,生物,政治,
星期四,数学,语文,政治,自习,英语,物理,单双周,
星期五,英语,英语,语文,数学,政治,物理,生物,

学号：,76,,班级:,高二3班
星期一,数学,地理,语文,政治,单双周,体育,班会,
星期二,英语,数学,语文,政治,物理,自习,
星期三,数学,语文,语文,英语,物理,体育,地理,
星期四,语文,数学,地理,英语,自习,政治,物理,
星期五,数学,数学,英语,英语,地理,物理,政治,

学号：,77,,班级:,高二6班
星期一,英语,地理,数学,数学,生物,自习,班会,
星期二,语文,语文,政治,数学,体育,生物,
星期三,数学,语文,单双周,英语,政治,生物,地理,
星期四,语文,数学,地理,英语,自习,政治,生物,
星期五,英语,英语,数学,语文,地理,政治,体育,

学号：,78,,班级:,高二6班
星期一,英语,地理,数学,数学,生物,自习,班会,
星期二,语文,语文,政治,数学,体育,生物,
星期三,数学,语文,单双周,英语,政治,生物,地理,
星期四,语文,数学,地理,英语,自习,政治,生物,
星期五,英语,英语,数学,语文,地理,政治,体育,

学号：,79,,班级:,高二3班
星期一,数学,地理,语文,政治,单双周,体育,班会,
星期二,英语,数学,语文,政治,物理,自习,
星期三,数学,语文,语文,英语,物理,体育,地理,
星期四,语文,数学,地理,英语,自习,政治,物理,
星期五,数学,数学,英语,英语,地理,物理,政治,

学号：,80,,班级:,高二2班
星期一,数学,化学,生物,英语,体育,物理,班会,
星期二,数学,数学,语文,语文,自习,生物,
星期三,语文,数学,英语,体育,物理,生物,化学,
星期四,数学,语文,化学,自习,英语,物理,单双周,
星期五,英语,英语,语文,数学,化学,物理,生物,

学号：,81,,班级:,高二10班
星期一,数学,历史,英语,生物,体育,班会,
星期二,语文,语文,数学,英语,物理,生物,自习,
星期三,数学,数学,语文,英语,物理,体育,历史,
星期四,语文,数学,历史,生物,物理,单双周,自习,
星期五,数学,语文,英语,英语,历史,生物,物理,

学号：,82,,班级:,高二5班
星期一,英语,物理,数学,历史,体育,地理,班会,
星期二,英语,英语,数学,语文,地理,历史,
星期三,英语,数学,语文,语文,自习,地理,物理,
星期四,英语,数学,物理,语文,地理,体育,历史,
星期五,单双周,语文,数学,数学,物理,历史,自习,

学号：,83,,班级:,高二2班
星期一,数学,地理,生物,英语,体育,物理,班会,
星期二,数学,数学,语文,语文,自习,生物,
星期三,语文,数学,英语,体育,物理,生物,地理,
星期四,数学,语文,地理,自习,英语,物理,单双周,
星期五,英语,英语,语文,数学,地理,物理,生物,

学号：,84,,班级:,高二8班
星期一,语文,地理,数学,政治,化学,单双周,班会,
星期二,语文,政治,英语,数学,体育,自习,化学,
星期三,英语,英语,语文,语文,数学,政治,地理,
星期四,英语,数学,地理,语文,化学,自习,
星期五,数学,数学,英语,化学,地理,体育,政治,

学号：,85,,班级:,高二10班
星期一,数学,历史,英语,生物,体育,班会,
星期二,语文,语文,数学,英语,物理,生物,自习,
星期三,数学,数学,语文,英语,物理,体育,历史,
星期四,语文,数学,历史,生物,物理,单双周,自习,
星期五,数学,语文,英语,英语,历史,生物,物理,

学号：,86,,班级:,高二5班
星期一,英语,化学,数学,历史,体育,地理,班会,
星期二,英语,英语,数学,语文,地理,历史,
星期三,英语,数学,语文,语文,自习,地理,化学,
星期四,英语,数学,化学,语文,地理,体育,历史,
星期五,单双周,语文,数学,数学,化学,历史,自习,

学号：,87,,班级:,高二1班
星期一,数学,地理,语文,物理,化学,单双周,班会,
星期二,英语,物理,数学,语文,体育,自习,化学,
星期三,英语,语文,语文,数学,化学,物理,地理,
星期四,语文,英语,地理,数学,自习,化学,
星期五,英语,英语,数学,数学,地理,体育,物理,

学号：,88,,班级:,高二1班
星期一,数学,历史,语文,物理,化学,单双周,班会,
星期二,英语,物理,数学,语文,体育,自习,化学,
星期三,英语,语文,语文,数学,化学,物理,历史,
星期四,语文,英语,历史,数学,自习,化学,
星期五,英语,英语,数学,数学,历史,体育,物理,

学号：,89,,班级:,高二2班
星期一,数学,历史,生物,英语,体育,物理,班会,
星期二,数学,数学,语文,语文,自习,生物,
星期三,语文,数学,英语,体育,物理,生物,历史,
星期四,数学,语文,历史,自习,英语,物理,单双周,
星期五,英语,英语,语文,数学,历史,物理,生物,

学号：,90,,班级:,高二3班
星期一,数学,生物,语文,政治,单双周,体育,班会,
星期二,英语,数学,语文,政治,物理,自习,
星期三,数学,语文,语文,英语,物理,体育,生物,
星期四,语文,数学,生物,英语,自习,政治,物理,
星期五,数学,数学,英语,英语,生物,物理,政治,

学号：,91,,班级:,高二10班
星期一,数学,历史,英语,生物,体育,班会,
星期二,语文,语文,数学,英语,物理,生物,自习,
星期三,数学,数学,语文,英语,物理,体育,历史,
星期四,语文,数学,历史,生物,物理,单双周,自习,
星期五,数学,语文,英语,英语,历史,生物,物理,

学号：,92,,班级:,高二5班
星期一,英语,化学,数学,历史,体育,地理,班会,
星期二,英语,英语,数学,语文,地理,历史,
星期三,英语,数学,语文,语文,自习,地理,化学,
星期四,英语,数学,化学,语文,地理,体育,历史,
星期五,单双周,语文,数学,数学,化学,历史,自习,

学号：,93,,班级:,高二5班
星期一,英语,生物,数学,历史,体育,地理,班会,
星期二,英语,英语,数学,语文,地理,历史,
星期三,英语,数学,语文,语文,自习,地理,生物,
星期四,英语,数学,生物,语文,地理,体育,历史,
星期五,单双周,语文,数学,数学,生物,历史,自习,

学号：,94,,班级:,高二9班
星期一,语文,生物,数学,物理,英语,化学,班会,
星期二,语文,物理,数学,数学,单双周,化学,自习,
星期三,数学,英语,语文,语文,体育,物理,生物,
星期四,语文,数学,生物,英语,化学,自习,
星期五,英语,英语,数学,化学,生物,体育,物理,

学号：,95,,班级:,高二3班
星期一,数学,历史,语文,政治,单双周,体育,班会,
星期二,英语,数学,语文,政治,物理,自习,
星期三,数学,语文,语文,英语,物理,体育,历史,
星期四,语文,数学,历史,英语,自习,政治,物理,
星期五,数学,数学,英语,英语,历史,物理,政治,

学号：,96,,班级:,高二1班
星期一,数学,生物,语文,物理,化学,单双周,班会,
星期二,英语,物理,数学,语文,体育,自习,化学,
星期三,英语,语文,语文,数学,化学,物理,生物,
星期四,语文,英语,生物,数学,自习,化学,
星期五,英语,英语,数学,数学,生物,体育,物理,

学号：,97,,班级:,高二3班
星期一,数学,化学,语文,政治,单双周,体育,班会,
星期二,英语,数学,语文,政治,物理,自习,
星期三,数学,语文,语文,英语,物理,体育,化学,
星期四,语文,数学,化学,英语,自习,政治,物理,
星期五,数学,数学,英语,英语,化学,物理,政治,

学号：,98,,班级:,高二3班
星期一,数学,生物,语文,政治,单双周,体育,班会,
星期二,英语,数学,语文,政治,物理,自习,
星期三,数学,语文,语文,英语,物理,体育,生物,
星期四,语文,数学,生物,英语,自习,政治,物理,
星期五,数学,数学,英语,英语,生物,物理,政治,

学号：,99,,班级:,高二9班
星期一,语文,地理,数学,物理,英语,化学,班会,
星期二,语文,物理,数学,数学,单双周,化学,自习,
星期三,数学,英语,语文,语文,体育,物理,地理,
星期四,语文,数学,地理,英语,化学,自习,
星期五,英语,英语,数学,化学,地理,体育,物理,

学号：,100,,班级:,高二2班
星期一,数学,历史,生物,英语,体育,物理,班会,
星期二,数学,数学,语文,语文,自习,生物,
星期三,语文,数学,英语,体育,物理,生物,历史,
星期四,数学,语文,历史,自习,英语,物理,单双周,
星期五,英语,英语,语文,数学,历史,物理,生物,

学号：,101,,班级:,高二1班
星期一,数学,历史,语文,物理,化学,单双周,班会,
星期二,英语,物理,数学,语文,体育,自习,化学,
星期三,英语,语文,语文,数学,化学,物理,历史,
星期四,语文,英语,历史,数学,自习,化学,
星期五,英语,英语,数学,数学,历史,体育,物理,

学号：,102,,班级:,高二3班
星期一,数学,化学,语文,政治,单双周,体育,班会,
星期二,英语,数学,语文,政治,物理,自习,
星期三,数学,语文,语文,英语,物理,体育,化学,
星期四,语文,数学,化学,英语,自习,政治,物理,
星期五,数学,数学,英语,英语,化学,物理,政治,

学号：,103,,班级:,高二6班
星期一,英语,历史,数学,数学,生物,自习,班会,
星期二,语文,语文,政治,数学,体育,生物,
星期三,数学,语文,单双周,英语,政治,生物,历史,
星期四,语文,数学,历史,英语,自习,政治,生物,
星期五,英语,英语,数学,语文,历史,政治,体育,

学号：,104,,班级:,高二9班
星期一,语文,生物,数学,物理,英语,化学,班会,
星期二,语文,物理,数学,数学,单双周,化学,自习,
星期三,数学,英语,语文,语文,体育,物理,生物,
星期四,语文,数学,生物,英语,化学,自习,
星期五,英语,英语,数学,化学,生物,体育,物理,

学号：,105,,班级:,高二3班
星期一,数学,地理,语文,政治,单双周,体育,班会,
星期二,英语,数学,语文,政治,物理,自习,
星期三,数学,语文,语文,英语,物理,体育,地理,
星期四,语文,数学,地理,英语,自习,政治,物理,
星期五,数学,数学,英语,英语,地理,物理,政治,

学号：,106,,班级:,高二9班
星期一,语文,地理,数学,物理,英语,化学,班会,
星期二,语文,物理,数学,数学,单双周,化学,自习,
星期三,数学,英语,语文,语文,体育,物理,地理,
星期四,语文,数学,地理,英语,化学,自习,
星期五,英语,英语,数学,化学,地理,体育,物理,

学号：,107,,班级:,高二3班
星期一,数学,地理,语文,政治,单双周,体育,班会,
星期二,英语,数学,语文,政治,物理,自习,
星期三,数学,语文,语文,英语,物理,体育,地理,
星期四,语文,数学,地理,英语,自习,政治,物理,
星期五,数学,数学,英语,英语,地理,物理,政治,

学号：,108,,班级:,高二8班
星期一,语文,地理,数学,政治,化学,单双周,班会,
星期二,语文,政治,英语,数学,体育,自习,化学,
星期三,英语,英语,语文,语文,数学,政治,地理,
星期四,英语,数学,地理,语文,化学,自习,
星期五,数学,数学,英语,化学,地理,体育,政治,

学号：,109,,班级:,高二3班
星期一,数学,化学,语文,政治,单双周,体育,班会,
星期二,英语,数学,语文,政治,物理,自习,
星期三,数学,语文,语文,英语,物理,体育,化学,
星期四,语文,数学,化学,英语,自习,政治,物理,
星期五,数学,数学,英语,英语,化学,物理,政治,

学号：,110,,班级:,高二2班
星期一,数学,地理,生物,英语,体育,物理,班会,
星期二,数学,数学,语文,语文,自习,生物,
星期三,语文,数学,英语,体育,物理,生物,地理,
星期四,数学,语文,地理,自习,英语,物理,单双周,
星期五,英语,英语,语文,数学,地理,物理,生物,

学号：,111,,班级:,高二5班
星期一,英语,政治,数学,历史,体育,地理,班会,
星期二,英语,英语,数学,语文,地理,历史,
星期三,英语,数学,语文,语文,自习,地理,政治,
星期四,英语,数学,政治,语文,地理,体育,历史,
星期五,单双周,语文,数学,数学,政治,历史,自习,

学号：,112,,班级:,高二10班
星期一,数学,地理,英语,生物,体育,班会,
星期二,语文,语文,数学,英语,物理,生物,自习,
星期三,数学,数学,语文,英语,物理,体育,地理,
星期四,语文,数学,地理,生物,物理,单双周,自习,
星期五,数学,语文,英语,英语,地理,生物,物理,

学号：,113,,班级:,高二3班
星期一,数学,历史,语文,政治,单双周,体育,班会,
星期二,英语,数学,语文,政治,物理,自习,
星期三,数学,语文,语文,英语,物理,体育,历史,
星期四,语文,数学,历史,英语,自习,政治,物理,
星期五,数学,数学,英语,英语,历史,物理,政治,

学号：,114,,班级:,高二4班
星期一,数学,历史,英语,语文,体育,化学,班会,
星期二,英语,英语,数学,数学,化学,生物,
星期三,语文,单双周,英语,数学,生物,自习,历史,
星期四,语文,语文,历史,数学,体育,生物,化学,
星期五,语文,英语,化学,数学,历史,生物,自习,

学号：,115,,班级:,高二3班
星期一,数学,化学,语文,政治,单双周,体育,班会,
星期二,英语,数学,语文,政治,物理,自习,
星期三,数学,语文,语文,英语,物理,体育,化学,
星期四,语文,数学,化学,英语,自习,政治,物理,
星期五,数学,数学,英语,英语,化学,物理,政治,

学号：,116,,班级:,高二1班
星期一,数学,生物,语文,物理,化学,单双周,班会,
星期二,英语,物理,数学,语文,体育,自习,化学,
星期三,英语,语文,语文,数学,化学,物理,生物,
星期四,语文,英语,生物,数学,自习,化学,
星期五,英语,英语,数学,数学,生物,体育,物理,

学号：,117,,班级:,高二10班
星期一,数学,历史,英语,生物,体育,班会,
星期二,语文,语文,数学,英语,物理,生物,自习,
星期三,数学,数学,语文,英语,物理,体育,历史,
星期四,语文,数学,历史,生物,物理,单双周,自习,
星期五,数学,语文,英语,英语,历史,生物,物理,

学号：,118,,班级:,高二2班
星期一,数学,历史,生物,英语,体育,物理,班会,
星期二,数学,数学,语文,语文,自习,生物,
星期三,语文,数学,英语,体育,物理,生物,历史,
星期四,数学,语文,历史,自习,英语,物理,单双周,
星期五,英语,英语,语文,数学,历史,物理,生物,

学号：,119,,班级:,高二3班
星期一,数学,化学,语文,政治,单双周,体育,班会,
星期二,英语,数学,语文,政治,物理,自习,
星期三,数学,语文,语文,英语,物理,体育,化学,
星期四,语文,数学,化学,英语,自习,政治,物理,
星期五,数学,数学,英语,英语,化学,物理,政治,

学号：,120,,班级:,高二3班
星期一,数学,历史,语文,政治,单双周,体育,班会,
星期二,英语,数学,语文,政治,物理,自习,
星期三,数学,语文,语文,英语,物理,体育,历史,
星期四,语文,数学,历史,英语,自习,政治,物理,
星期五,数学,数学,英语,英语,历史,物理,政治,

学号：,121,,班级:,高二4班
星期一,数学,物理,英语,语文,体育,化学,班会,
星期二,英语,英语,数学,数学,化学,生物,
星期三,语文,单双周,英语,数学,生物,自习,物理,
星期四,语文,语文,物理,数学,体育,生物,化学,
星期五,语文,英语,化学,数学,物理,生物,自习,

学号：,122,,班级:,高二6班
星期一,英语,历史,数学,数学,生物,自习,班会,
星期二,语文,语文,政治,数学,体育,生物,
星期三,数学,语文,单双周,英语,政治,生物,历史,
星期四,语文,数学,历史,英语,自习,政治,生物,
星期五,英语,英语,数学,语文,历史,政治,体育,

学号：,123,,班级:,高二9班
星期一,语文,政治,数学,物理,英语,化学,班会,
星期二,语文,物理,数学,数学,单双周,化学,自习,
星期三,数学,英语,语文,语文,体育,物理,政治,
星期四,语文,数学,政治,英语,化学,自习,
星期五,英语,英语,数学,化学,政治,体育,物理,

学号：,124,,班级:,高二4班
星期一,数学,政治,英语,语文,体育,化学,班会,
星期二,英语,英语,数学,数学,化学,生物,
星期三,语文,单双周,英语,数学,生物,自习,政治,
星期四,语文,语文,政治,数学,体育,生物,化学,
星期五,语文,英语,化学,数学,政治,生物,自习,

学号：,125,,班级:,高二10班
星期一,数学,地理,英语,生物,体育,班会,
星期二,语文,语文,数学,英语,物理,生物,自习,
星期三,数学,数学,语文,英语,物理,体育,地理,
星期四,语文,数学,地理,生物,物理,单双周,自习,
星期五,数学,语文,英语,英语,地理,生物,物理,

学号：,126,,班级:,高二7班
星期一,英语,物理,数学,历史,语文,化学,班会,
星期二,语文,历史,英语,数学,化学,自习,体育,
星期三,英语,化学,数学,数学,单双周,历史,物理,
星期四,语文,语文,物理,数学,化学,体育,
星期五,英语,英语,数学,语文,物理,自习,历史,

学号：,127,,班级:,高二6班
星期一,英语,历史,数学,数学,生物,自习,班会,
星期二,语文,语文,政治,数学,体育,生物,
星期三,数学,语文,单双周,英语,政治,生物,历史,
星期四,语文,数学,历史,英语,自习,政治,生物,
星期五,英语,英语,数学,语文,历史,政治,体育,

学号：,128,,班级:,高二6班
星期一,英语,地理,数学,数学,生物,自习,班会,
星期二,语文,语文,政治,数学,体育,生物,
星期三,数学,语文,单双周,英语,政治,生物,地理,
星期四,语文,数学,地理,英语,自习,政治,生物,
星期五,英语,英语,数学,语文,地理,政治,体育,

学号：,129,,班级:,高二4班
星期一,数学,历史,英语,语文,体育,化学,班会,
星期二,英语,英语,数学,数学,化学,生物,
星期三,语文,单双周,英语,数学,生物,自习,历史,
星期四,语文,语文,历史,数学,体育,生物,化学,
星期五,语文,英语,化学,数学,历史,生物,自习,

学号：,130,,班级:,高二2班
星期一,数学,政治,生物,英语,体育,物理,班会,
星期二,数学,数学,语文,语文,自习,生物,
星期三,语文,数学,英语,体育,物理,生物,政治,
星期四,数学,语文,政治,自习,英语,物理,单双周,
星期五,英语,英语,语文,数学,政治,物理,生物,

学号：,131,,班级:,高二5班
星期一,英语,化学,数学,历史,体育,地理,班会,
星期二,英语,英语,数学,语文,地理,历史,
星期三,英语,数学,语文,语文,自习,地理,化学,
星期四,英语,数学,化学,语文,地理,体育,历史,
星期五,单双周,语文,数学,数学,化学,历史,自习,

学号：,132,,班级:,高二4班
星期一,数学,政治,英语,语文,体育,化学,班会,
星期二,英语,英语,数学,数学,化学,生物,
星期三,语文,单双周,英语,数学,生物,自习,政治,
星期四,语文,语文,政治,数学,体育,生物,化学,
星期五,语文,英语,化学,数学,政治,生物,自习,

学号：,133,,班级:,高二3班
星期一,数学,地理,语文,政治,单双周,体育,班会,
星期二,英语,数学,语文,政治,物理,自习,
星期三,数学,语文,语文,英语,物理,体育,地理,
星期四,语文,数学,地理,英语,自习,政治,物理,
星期五,数学,数学,英语,英语,地理,物理,政治,

学号：,134,,班级:,高二1班
星期一,数学,政治,语文,物理,化学,单双周,班会,
星期二,英语,物理,数学,语文,体育,自习,化学,
星期三,英语,语文,语文,数学,化学,物理,政治,
星期四,语文,英语,政治,数学,自习,化学,
星期五,英语,英语,数学,数学,政治,体育,物理,

学号：,135,,班级:,高二4班
星期一,数学,政治,英语,语文,体育,化学,班会,
星期二,英语,英语,数学,数学,化学,生物,
星期三,语文,单双周,英语,数学,生物,自习,政治,
星期四,语文,语文,政治,数学,体育,生物,化学,
星期五,语文,英语,化学,数学,政治,生物,自习,

学号：,136,,班级:,高二4班
星期一,数学,历史,英语,语文,体育,化学,班会,
星期二,英语,英语,数学,数学,化学,生物,
星期三,语文,单双周,英语,数学,生物,自习,历史,
星期四,语文,语文,历史,数学,体育,生物,化学,
星期五,语文,英语,化学,数学,历史,生物,自习,

学号：,137,,班级:,高二4班
星期一,数学,物理,英语,语文,体育,化学,班会,
星期二,英语,英语,数学,数学,化学,生物,
星期三,语文,单双周,英语,数学,生物,自习,物理,
星期四,语文,语文,物理,数学,体育,生物,化学,
星期五,语文,英语,化学,数学,物理,生物,自习,

学号：,138,,班级:,高二9班
星期一,语文,政治,数学,物理,英语,化学,班会,
星期二,语文,物理,数学,数学,单双周,化学,自习,
星期三,数学,英语,语文,语文,体育,物理,政治,
星期四,语文,数学,政治,英语,化学,自习,
星期五,英语,英语,数学,化学,政治,体育,物理,

学号：,139,,班级:,高二4班
星期一,数学,历史,英语,语文,体育,化学,班会,
星期二,英语,英语,数学,数学,化学,生物,
星期三,语文,单双周,英语,数学,生物,自习,历史,
星期四,语文,语文,历史,数学,体育,生物,化学,
星期五,语文,英语,化学,数学,历史,生物,自习,

学号：,140,,班级:,高二8班
星期一,语文,地理,数学,政治,化学,单双周,班会,
星期二,语文,政治,英语,数学,体育,自习,化学,
星期三,英语,英语,语文,语文,数学,政治,地理,
星期四,英语,数学,地理,语文,化学,自习,
星期五,数学,数学,英语,化学,地理,体育,政治,

学号：,141,,班级:,高二4班
星期一,数学,历史,英语,语文,体育,化学,班会,
星期二,英语,英语,数学,数学,化学,生物,
星期三,语文,单双周,英语,数学,生物,自习,历史,
星期四,语文,语文,历史,数学,体育,生物,化学,
星期五,语文,英语,化学,数学,历史,生物,自习,

学号：,142,,班级:,高二3班
星期一,数学,历史,语文,政治,单双周,体育,班会,
星期二,英语,数学,语文,政治,物理,自习,
星期三,数学,语文,语文,英语,物理,体育,历史,
星期四,语文,数学,历史,英语,自习,政治,物理,
星期五,数学,数学,英语,英语,历史,物理,政治,

学号：,143,,班级:,高二1班
星期一,数学,历史,语文,物理,化学,单双周,班会,
星期二,英语,物理,数学,语文,体育,自习,化学,
星期三,英语,语文,语文,数学,化学,物理,历史,
星期四,语文,英语,历史,数学,自习,化学,
星期五,英语,英语,数学,数学,历史,体育,物理,

学号：,144,,班级:,高二4班
星期一,数学,历史,英语,语文,体育,化学,班会,
星期二,英语,英语,数学,数学,化学,生物,
星期三,语文,单双周,英语,数学,生物,自习,历史,
星期四,语文,语文,历史,数学,体育,生物,化学,
星期五,语文,英语,化学,数学,历史,生物,自习,

学号：,145,,班级:,高二4班
星期一,数学,物理,英语,语文,体育,化学,班会,
星期二,英语,英语,数学,数学,化学,生物,
星期三,语文,单双周,英语,数学,生物,自习,物理,
星期四,语文,语文,物理,数学,体育,生物,化学,
星期五,语文,英语,化学,数学,物理,生物,自习,

学号：,146,,班级:,高二8班
星期一,语文,地理,数学,政治,化学,单双周,班会,
星期二,语文,政治,英语,数学,体育,自习,化学,
星期三,英语,英语,语文,语文,数学,政治,地理,
星期四,英语,数学,地理,语文,化学,自习,
星期五,数学,数学,英语,化学,地理,体育,政治,

学号：,147,,班级:,高二7班
星期一,英语,物理,数学,历史,语文,化学,班会,
星期二,语文,历史,英语,数学,化学,自习,体育,
星期三,英语,化学,数学,数学,单双周,历史,物理,
星期四,语文,语文,物理,数学,化学,体育,
星期五,英语,英语,数学,语文,物理,自习,历史,

学号：,148,,班级:,高二4班
星期一,数学,政治,英语,语文,体育,化学,班会,
星期二,英语,英语,数学,数学,化学,生物,
星期三,语文,单双周,英语,数学,生物,自习,政治,
星期四,语文,语文,政治,数学,体育,生物,化学,
星期五,语文,英语,化学,数学,政治,生物,自习,

学号：,149,,班级:,高二9班
星期一,语文,地理,数学,物理,英语,化学,班会,
星期二,语文,物理,数学,数学,单双周,化学,自习,
星期三,数学,英语,语文,语文,体育,物理,地理,
星期四,语文,数学,地理,英语,化学,自习,
星期五,英语,英语,数学,化学,地理,体育,物理,

学号：,150,,班级:,高二5班
星期一,英语,物理,数学,历史,体育,地理,班会,
星期二,英语,英语,数学,语文,地理,历史,
星期三,英语,数学,语文,语文,自习,地理,物理,
星期四,英语,数学,物理,语文,地理,体育,历史,
星期五,单双周,语文,数学,数学,物理,历史,自习,

学号：,151,,班级:,高二4班
星期一,数学,物理,英语,语文,体育,化学,班会,
星期二,英语,英语,数学,数学,化学,生物,
星期三,语文,单双周,英语,数学,生物,自习,物理,
星期四,语文,语文,物理,数学,体育,生物,化学,
星期五,语文,英语,化学,数学,物理,生物,自习,

学号：,152,,班级:,高二1班
星期一,数学,政治,语文,物理,化学,单双周,班会,
星期二,英语,物理,数学,语文,体育,自习,化学,
星期三,英语,语文,语文,数学,化学,物理,政治,
星期四,语文,英语,政治,数学,自习,化学,
星期五,英语,英语,数学,数学,政治,体育,物理,

学号：,153,,班级:,高二10班
星期一,数学,地理,英语,生物,体育,班会,
星期二,语文,语文,数学,英语,物理,生物,自习,
星期三,数学,数学,语文,英语,物理,体育,地理,
星期四,语文,数学,地理,生物,物理,单双周,自习,
星期五,数学,语文,英语,英语,地理,生物,物理,

学号：,154,,班级:,高二4班
星期一,数学,物理,英语,语文,体育,化学,班会,
星期二,英语,英语,数学,数学,化学,生物,
星期三,语文,单双周,英语,数学,生物,自习,物理,
星期四,语文,语文,物理,数学,体育,生物,化学,
星期五,语文,英语,化学,数学,物理,生物,自习,

学号：,155,,班级:,高二4班
星期一,数学,历史,英语,语文,体育,化学,班会,
星期二,英语,英语,数学,数学,化学,生物,
星期三,语文,单双周,英语,数学,生物,自习,历史,
星期四,语文,语文,历史,数学,体育,生物,化学,
星期五,语文,英语,化学,数学,历史,生物,自习,

学号：,156,,班级:,高二2班
星期一,数学,历史,生物,英语,体育,物理,班会,
星期二,数学,数学,语文,语文,自习,生物,
星期三,语文,数学,英语,体育,物理,生物,历史,
星期四,数学,语文,历史,自习,英语,物理,单双周,
星期五,英语,英语,语文,数学,历史,物理,生物,

学号：,157,,班级:,高二4班
星期一,数学,物理,英语,语文,体育,化学,班会,
星期二,英语,英语,数学,数学,化学,生物,
星期三,语文,单双周,英语,数学,生物,自习,物理,
星期四,语文,语文,物理,数学,体育,生物,化学,
星期五,语文,英语,化学,数学,物理,生物,自习,

学号：,158,,班级:,高二5班
星期一,英语,政治,数学,历史,体育,地理,班会,
星期二,英语,英语,数学,语文,地理,历史,
星期三,英语,数学,语文,语文,自习,地理,政治,
星期四,英语,数学,政治,语文,地理,体育,历史,
星期五,单双周,语文,数学,数学,政治,历史,自习,

学号：,159,,班级:,高二4班
星期一,数学,历史,英语,语文,体育,化学,班会,
星期二,英语,英语,数学,数学,化学,生物,
星期三,语文,单双周,英语,数学,生物,自习,历史,
星期四,语文,语文,历史,数学,体育,生物,化学,
星期五,语文,英语,化学,数学,历史,生物,自习,

学号：,160,,班级:,高二9班
星期一,语文,地理,数学,物理,英语,化学,班会,
星期二,语文,物理,数学,数学,单双周,化学,自习,
星期三,数学,英语,语文,语文,体育,物理,地理,
星期四,语文,数学,地理,英语,化学,自习,
星期五,英语,英语,数学,化学,地理,体育,物理,

学号：,161,,班级:,高二10班
星期一,数学,地理,英语,生物,体育,班会,
星期二,语文,语文,数学,英语,物理,生物,自习,
星期三,数学,数学,语文,英语,物理,体育,地理,
星期四,语文,数学,地理,生物,物理,单双周,自习,
星期五,数学,语文,英语,英语,地理,生物,物理,

学号：,162,,班级:,高二5班
星期一,英语,物理,数学,历史,体育,地理,班会,
星期二,英语,英语,数学,语文,地理,历史,
星期三,英语,数学,语文,语文,自习,地理,物理,
星期四,英语,数学,物理,语文,地理,体育,历史,
星期五,单双周,语文,数学,数学,物理,历史,自习,

学号：,163,,班级:,高二3班
星期一,数学,地理,语文,政治,单双周,体育,班会,
星期二,英语,数学,语文,政治,物理,自习,
星期三,数学,语文,语文,英语,物理,体育,地理,
星期四,语文,数学,地理,英语,自习,政治,物理,
星期五,数学,数学,英语,英语,地理,物理,政治,

学号：,164,,班级:,高二4班
星期一,数学,物理,英语,语文,体育,化学,班会,
星期二,英语,英语,数学,数学,化学,生物,
星期三,语文,单双周,英语,数学,生物,自习,物理,
星期四,语文,语文,物理,数学,体育,生物,化学,
星期五,语文,英语,化学,数学,物理,生物,自习,

学号：,165,,班级:,高二5班
星期一,英语,物理,数学,历史,体育,地理,班会,
星期二,英语,英语,数学,语文,地理,历史,
星期三,英语,数学,语文,语文,自习,地理,物理,
星期四,英语,数学,物理,语文,地理,体育,历史,
星期五,单双周,语文,数学,数学,物理,历史,自习,

学号：,166,,班级:,高二7班
星期一,英语,政治,数学,历史,语文,化学,班会,
星期二,语文,历史,英语,数学,化学,自习,体育,
星期三,英语,化学,数学,数学,单双周,历史,政治,
星期四,语文,语文,政治,数学,化学,体育,
星期五,英语,英语,数学,语文,政治,自习,历史,

学号：,167,,班级:,高二2班
星期一,数学,政治,生物,英语,体育,物理,班会,
星期二,数学,数学,语文,语文,自习,生物,
星期三,语文,数学,英语,体育,物理,生物,政治,
星期四,数学,语文,政治,自习,英语,物理,单双周,
星期五,英语,英语,语文,数学,政治,物理,生物,

学号：,168,,班级:,高二3班
星期一,数学,历史,语文,政治,单双周,体育,班会,
星期二,英语,数学,语文,政治,物理,自习,
星期三,数学,语文,语文,英语,物理,体育,历史,
星期四,语文,数学,历史,英语,自习,政治,物理,
星期五,数学,数学,英语,英语,历史,物理,政治,

学号：,169,,班级:,高二5班
星期一,英语,化学,数学,历史,体育,地理,班会,
星期二,英语,英语,数学,语文,地理,历史,
星期三,英语,数学,语文,语文,自习,地理,化学,
星期四,英语,数学,化学,语文,地理,体育,历史,
星期五,单双周,语文,数学,数学,化学,历史,自习,

学号：,170,,班级:,高二1班
星期一,数学,政治,语文,物理,化学,单双周,班会,
星期二,英语,物理,数学,语文,体育,自习,化学,
星期三,英语,语文,语文,数学,化学,物理,政治,
星期四,语文,英语,政治,数学,自习,化学,
星期五,英语,英语,数学,数学,政治,体育,物理,

学号：,171,,班级:,高二4班
星期一,数学,物理,英语,语文,体育,化学,班会,
星期二,英语,英语,数学,数学,化学,生物,
星期三,语文,单双周,英语,数学,生物,自习,物理,
星期四,语文,语文,物理,数学,体育,生物,化学,
星期五,语文,英语,化学,数学,物理,生物,自习,

学号：,172,,班级:,高二4班
星期一,数学,物理,英语,语文,体育,化学,班会,
星期二,英语,英语,数学,数学,化学,生物,
星期三,语文,单双周,英语,数学,生物,自习,物理,
星期四,语文,语文,物理,数学,体育,生物,化学,
星期五,语文,英语,化学,数学,物理,生物,自习,

学号：,173,,班级:,高二7班
星期一,英语,生物,数学,历史,语文,化学,班会,
星期二,语文,历史,英语,数学,化学,自习,体育,
星期三,英语,化学,数学,数学,单双周,历史,生物,
星期四,语文,语文,生物,数学,化学,体育,
星期五,英语,英语,数学,语文,生物,自习,历史,

学号：,174,,班级:,高二6班
星期一,英语,历史,数学,数学,生物,自习,班会,
星期二,语文,语文,政治,数学,体育,生物,
星期三,数学,语文,单双周,英语,政治,生物,历史,
星期四,语文,数学,历史,英语,自习,政治,生物,
星期五,英语,英语,数学,语文,历史,政治,体育,

学号：,175,,班级:,高二4班
星期一,数学,地理,英语,语文,体育,化学,班会,
星期二,英语,英语,数学,数学,化学,生物,
星期三,语文,单双周,英语,数学,生物,自习,地理,
星期四,语文,语文,地理,数学,体育,生物,化学,
星期五,语文,英语,化学,数学,地理,生物,自习,

学号：,176,,班级:,高二4班
星期一,数学,地理,英语,语文,体育,化学,班会,
星期二,英语,英语,数学,数学,化学,生物,
星期三,语文,单双周,英语,数学,生物,自习,地理,
星期四,语文,语文,地理,数学,体育,生物,化学,
星期五,语文,英语,化学,数学,地理,生物,自习,

学号：,177,,班级:,高二2班
星期一,数学,政治,生物,英语,体育,物理,班会,
星期二,数学,数学,语文,语文,自习,生物,
星期三,语文,数学,英语,体育,物理,生物,政治,
星期四,数学,语文,政治,自习,英语,物理,单双周,
星期五,英语,英语,语文,数学,政治,物理,生物,

学号：,178,,班级:,高二1班
星期一,数学,政治,语文,物理,化学,单双周,班会,
星期二,英语,物理,数学,语文,体育,自习,化学,
星期三,英语,语文,语文,数学,化学,物理,政治,
星期四,语文,英语,政治,数学,自习,化学,
星期五,英语,英语,数学,数学,政治,体育,物理,

学号：,179,,班级:,高二6班
星期一,英语,地理,数学,数学,生物,自习,班会,
星期二,语文,语文,政治,数学,体育,生物,
星期三,数学,语文,单双周,英语,政治,生物,地理,
星期四,语文,数学,地理,英语,自习,政治,生物,
星期五,英语,英语,数学,语文,地理,政治,体育,

学号：,180,,班级:,高二9班
星期一,语文,生物,数学,物理,英语,化学,班会,
星期二,语文,物理,数学,数学,单双周,化学,自习,
星期三,数学,英语,语文,语文,体育,物理,生物,
星期四,语文,数学,生物,英语,化学,自习,
星期五,英语,英语,数学,化学,生物,体育,物理,

学号：,181,,班级:,高二6班
星期一,英语,历史,数学,数学,生物,自习,班会,
星期二,语文,语文,政治,数学,体育,生物,
星期三,数学,语文,单双周,英语,政治,生物,历史,
星期四,语文,数学,历史,英语,自习,政治,生物,
星期五,英语,英语,数学,语文,历史,政治,体育,

学号：,182,,班级:,高二1班
星期一,数学,地理,语文,物理,化学,单双周,班会,
星期二,英语,物理,数学,语文,体育,自习,化学,
星期三,英语,语文,语文,数学,化学,物理,地理,
星期四,语文,英语,地理,数学,自习,化学,
星期五,英语,英语,数学,数学,地理,体育,物理,

学号：,183,,班级:,高二9班
星期一,语文,地理,数学,物理,英语,化学,班会,
星期二,语文,物理,数学,数学,单双周,化学,自习,
星期三,数学,英语,语文,语文,体育,物理,地理,
星期四,语文,数学,地理,英语,化学,自习,
星期五,英语,英语,数学,化学,地理,体育,物理,

学号：,184,,班级:,高二6班
星期一,英语,地理,数学,数学,生物,自习,班会,
星期二,语文,语文,政治,数学,体育,生物,
星期三,数学,语文,单双周,英语,政治,生物,地理,
星期四,语文,数学,地理,英语,自习,政治,生物,
星期五,英语,英语,数学,语文,地理,政治,体育,

学号：,185,,班级:,高二8班
星期一,语文,生物,数学,政治,化学,单双周,班会,
星期二,语文,政治,英语,数学,体育,自习,化学,
星期三,英语,英语,语文,语文,数学,政治,生物,
星期四,英语,数学,生物,语文,化学,自习,
星期五,数学,数学,英语,化学,生物,体育,政治,

学号：,186,,班级:,高二10班
星期一,数学,历史,英语,生物,体育,班会,
星期二,语文,语文,数学,英语,物理,生物,自习,
星期三,数学,数学,语文,英语,物理,体育,历史,
星期四,语文,数学,历史,生物,物理,单双周,自习,
星期五,数学,语文,英语,英语,历史,生物,物理,

学号：,187,,班级:,高二3班
星期一,数学,地理,语文,政治,单双周,体育,班会,
星期二,英语,数学,语文,政治,物理,自习,
星期三,数学,语文,语文,英语,物理,体育,地理,
星期四,语文,数学,地理,英语,自习,政治,物理,
星期五,数学,数学,英语,英语,地理,物理,政治,

学号：,188,,班级:,高二10班
星期一,数学,地理,英语,生物,体育,班会,
星期二,语文,语文,数学,英语,物理,生物,自习,
星期三,数学,数学,语文,英语,物理,体育,地理,
星期四,语文,数学,地理,生物,物理,单双周,自习,
星期五,数学,语文,英语,英语,地理,生物,物理,

学号：,189,,班级:,高二3班
星期一,数学,历史,语文,政治,单双周,体育,班会,
星期二,英语,数学,语文,政治,物理,自习,
星期三,数学,语文,语文,英语,物理,体育,历史,
星期四,语文,数学,历史,英语,自习,政治,物理,
星期五,数学,数学,英语,英语,历史,物理,政治,

学号：,190,,班级:,高二3班
星期一,数学,地理,语文,政治,单双周,体育,班会,
星期二,英语,数学,语文,政治,物理,自习,
星期三,数学,语文,语文,英语,物理,体育,地理,
星期四,语文,数学,地理,英语,自习,政治,物理,
星期五,数学,数学,英语,英语,地理,物理,政治,

学号：,191,,班级:,高二5班
星期一,英语,化学,数学,历史,体育,地理,班会,
星期二,英语,英语,数学,语文,地理,历史,
星期三,英语,数学,语文,语文,自习,地理,化学,
星期四,英语,数学,化学,语文,地理,体育,历史,
星期五,单双周,语文,数学,数学,化学,历史,自习,

学号：,192,,班级:,高二2班
星期一,数学,地理,生物,英语,体育,物理,班会,
星期二,数学,数学,语文,语文,自习,生物,
星期三,语文,数学,英语,体育,物理,生物,地理,
星期四,数学,语文,地理,自习,英语,物理,单双周,
星期五,英语,英语,语文,数学,地理,物理,生物,

学号：,193,,班级:,高二1班
星期一,数学,政治,语文,物理,化学,单双周,班会,
星期二,英语,物理,数学,语文,体育,自习,化学,
星期三,英语,语文,语文,数学,化学,物理,政治,
星期四,语文,英语,政治,数学,自习,化学,
星期五,英语,英语,数学,数学,政治,体育,物理,

学号：,194,,班级:,高二4班
星期一,数学,政治,英语,语文,体育,化学,班会,
星期二,英语,英语,数学,数学,化学,生物,
星期三,语文,单双周,英语,数学,生物,自习,政治,
星期四,语文,语文,政治,数学,体育,生物,化学,
星期五,语文,英语,化学,数学,政治,生物,自习,

学号：,195,,班级:,高二7班
星期一,英语,物理,数学,历史,语文,化学,班会,
星期二,语文,历史,英语,数学,化学,自习,体育,
星期三,英语,化学,数学,数学,单双周,历史,物理,
星期四,语文,语文,物理,数学,化学,体育,
星期五,英语,英语,数学,语文,物理,自习,历史,

学号：,196,,班级:,高二9班
星期一,语文,政治,数学,物理,英语,化学,班会,
星期二,语文,物理,数学,数学,单双周,化学,自习,
星期三,数学,英语,语文,语文,体育,物理,政治,
星期四,语文,数学,政治,英语,化学,自习,
星期五,英语,英语,数学,化学,政治,体育,物理,

学号：,197,,班级:,高二9班
星期一,语文,政治,数学,物理,英语,化学,班会,
星期二,语文,物理,数学,数学,单双周,化学,自习,
星期三,数学,英语,语文,语文,体育,物理,政治,
星期四,语文,数学,政治,英语,化学,自习,
星期五,英语,英语,数学,化学,政治,体育,物理,

学号：,198,,班级:,高二7班
星期一,英语,物理,数学,历史,语文,化学,班会,
星期二,语文,历史,英语,数学,化学,自习,体育,
星期三,英语,化学,数学,数学,单双周,历史,物理,
星期四,语文,语文,物理,数学,化学,体育,
星期五,英语,英语,数学,语文,物理,自习,历史,

学号：,199,,班级:,高二8班
星期一,语文,物理,数学,政治,化学,单双周,班会,
星期二,语文,政治,英语,数学,体育,自习,化学,
星期三,英语,英语,语文,语文,数学,政治,物理,
星期四,英语,数学,物理,语文,化学,自习,
星期五,数学,数学,英语,化学,物理,体育,政治,

学号：,200,,班级:,高二7班
星期一,英语,生物,数学,历史,语文,化学,班会,
星期二,语文,历史,英语,数学,化学,自习,体育,
星期三,英语,化学,数学,数学,单双周,历史,生物,
星期四,语文,语文,生物,数学,化学,体育,
星期五,英语,英语,数学,语文,生物,自习,历史,

学号：,201,,班级:,高二4班
星期一,数学,历史,英语,语文,体育,化学,班会,
星期二,英语,英语,数学,数学,化学,生物,
星期三,语文,单双周,英语,数学,生物,自习,历史,
星期四,语文,语文,历史,数学,体育,生物,化学,
星期五,语文,英语,化学,数学,历史,生物,自习,

学号：,202,,班级:,高二5班
星期一,英语,物理,数学,历史,体育,地理,班会,
星期二,英语,英语,数学,语文,地理,历史,
星期三,英语,数学,语文,语文,自习,地理,物理,
星期四,英语,数学,物理,语文,地理,体育,历史,
星期五,单双周,语文,数学,数学,物理,历史,自习,

学号：,203,,班级:,高二1班
星期一,数学,政治,语文,物理,化学,单双周,班会,
星期二,英语,物理,数学,语文,体育,自习,化学,
星期三,英语,语文,语文,数学,化学,物理,政治,
星期四,语文,英语,政治,数学,自习,化学,
星期五,英语,英语,数学,数学,政治,体育,物理,

学号：,204,,班级:,高二9班
星期一,语文,地理,数学,物理,英语,化学,班会,
星期二,语文,物理,数学,数学,单双周,化学,自习,
星期三,数学,英语,语文,语文,体育,物理,地理,
星期四,语文,数学,地理,英语,化学,自习,
星期五,英语,英语,数学,化学,地理,体育,物理,

学号：,205,,班级:,高二2班
星期一,数学,化学,生物,英语,体育,物理,班会,
星期二,数学,数学,语文,语文,自习,生物,
星期三,语文,数学,英语,体育,物理,生物,化学,
星期四,数学,语文,化学,自习,英语,物理,单双周,
星期五,英语,英语,语文,数学,化学,物理,生物,

学号：,206,,班级:,高二7班
星期一,英语,物理,数学,历史,语文,化学,班会,
星期二,语文,历史,英语,数学,化学,自习,体育,
星期三,英语,化学,数学,数学,单双周,历史,物理,
星期四,语文,语文,物理,数学,化学,体育,
星期五,英语,英语,数学,语文,物理,自习,历史,

学号：,207,,班级:,高二5班
星期一,英语,化学,数学,历史,体育,地理,班会,
星期二,英语,英语,数学,语文,地理,历史,
星期三,英语,数学,语文,语文,自习,地理,化学,
星期四,英语,数学,化学,语文,地理,体育,历史,
星期五,单双周,语文,数学,数学,化学,历史,自习,

学号：,208,,班级:,高二8班
星期一,语文,物理,数学,政治,化学,单双周,班会,
星期二,语文,政治,英语,数学,体育,自习,化学,
星期三,英语,英语,语文,语文,数学,政治,物理,
星期四,英语,数学,物理,语文,化学,自习,
星期五,数学,数学,英语,化学,物理,体育,政治,

学号：,209,,班级:,高二10班
星期一,数学,化学,英语,生物,体育,班会,
星期二,语文,语文,数学,英语,物理,生物,自习,
星期三,数学,数学,语文,英语,物理,体育,化学,
星期四,语文,数学,化学,生物,物理,单双周,自习,
星期五,数学,语文,英语,英语,化学,生物,物理,

学号：,210,,班级:,高二6班
星期一,英语,历史,数学,数学,生物,自习,班会,
星期二,语文,语文,政治,数学,体育,生物,
星期三,数学,语文,单双周,英语,政治,生物,历史,
星期四,语文,数学,历史,英语,自习,政治,生物,
星期五,英语,英语,数学,语文,历史,政治,体育,

学号：,211,,班级:,高二1班
星期一,数学,地理,语文,物理,化学,单双周,班会,
星期二,英语,物理,数学,语文,体育,自习,化学,
星期三,英语,语文,语文,数学,化学,物理,地理,
星期四,语文,英语,地理,数学,自习,化学,
星期五,英语,英语,数学,数学,地理,体育,物理,

学号：,212,,班级:,高二2班
星期一,数学,历史,生物,英语,体育,物理,班会,
星期二,数学,数学,语文,语文,自习,生物,
星期三,语文,数学,英语,体育,物理,生物,历史,
星期四,数学,语文,历史,自习,英语,物理,单双周,
星期五,英语,英语,语文,数学,历史,物理,生物,

学号：,213,,班级:,高二5班
星期一,英语,政治,数学,历史,体育,地理,班会,
星期二,英语,英语,数学,语文,地理,历史,
星期三,英语,数学,语文,语文,自习,地理,政治,
星期四,英语,数学,政治,语文,地理,体育,历史,
星期五,单双周,语文,数学,数学,政治,历史,自习,

学号：,214,,班级:,高二3班
星期一,数学,历史,语文,政治,单双周,体育,班会,
星期二,英语,数学,语文,政治,物理,自习,
星期三,数学,语文,语文,英语,物理,体育,历史,
星期四,语文,数学,历史,英语,自习,政治,物理,
星期五,数学,数学,英语,英语,历史,物理,政治,

学号：,215,,班级:,高二4班
星期一,数学,历史,英语,语文,体育,化学,班会,
星期二,英语,英语,数学,数学,化学,生物,
星期三,语文,单双周,英语,数学,生物,自习,历史,
星期四,语文,语文,历史,数学,体育,生物,化学,
星期五,语文,英语,化学,数学,历史,生物,自习,

学号：,216,,班级:,高二7班
星期一,英语,物理,数学,历史,语文,化学,班会,
星期二,语文,历史,英语,数学,化学,自习,体育,
星期三,英语,化学,数学,数学,单双周,历史,物理,
星期四,语文,语文,物理,数学,化学,体育,
星期五,英语,英语,数学,语文,物理,自习,历史,

学号：,217,,班级:,高二3班
星期一,数学,历史,语文,政治,单双周,体育,班会,
星期二,英语,数学,语文,政治,物理,自习,
星期三,数学,语文,语文,英语,物理,体育,历史,
星期四,语文,数学,历史,英语,自习,政治,物理,
星期五,数学,数学,英语,英语,历史,物理,政治,

学号：,218,,班级:,高二6班
星期一,英语,地理,数学,数学,生物,自习,班会,
星期二,语文,语文,政治,数学,体育,生物,
星期三,数学,语文,单双周,英语,政治,生物,地理,
星期四,语文,数学,地理,英语,自习,政治,生物,
星期五,英语,英语,数学,语文,地理,政治,体育,

学号：,219,,班级:,高二10班
星期一,数学,化学,英语,生物,体育,班会,
星期二,语文,语文,数学,英语,物理,生物,自习,
星期三,数学,数学,语文,英语,物理,体育,化学,
星期四,语文,数学,化学,生物,物理,单双周,自习,
星期五,数学,语文,英语,英语,化学,生物,物理,

学号：,220,,班级:,高二4班
星期一,数学,历史,英语,语文,体育,化学,班会,
星期二,英语,英语,数学,数学,化学,生物,
星期三,语文,单双周,英语,数学,生物,自习,历史,
星期四,语文,语文,历史,数学,体育,生物,化学,
星期五,语文,英语,化学,数学,历史,生物,自习,

学号：,221,,班级:,高二9班
星期一,语文,历史,数学,物理,英语,化学,班会,
星期二,语文,物理,数学,数学,单双周,化学,自习,
星期三,数学,英语,语文,语文,体育,物理,历史,
星期四,语文,数学,历史,英语,化学,自习,
星期五,英语,英语,数学,化学,历史,体育,物理,

学号：,222,,班级:,高二10班
星期一,数学,化学,英语,生物,体育,班会,
星期二,语文,语文,数学,英语,物理,生物,自习,
星期三,数学,数学,语文,英语,物理,体育,化学,
星期四,语文,数学,化学,生物,物理,单双周,自习,
星期五,数学,语文,英语,英语,化学,生物,物理,

学号：,223,,班级:,高二6班
星期一,英语,物理,数学,数学,生物,自习,班会,
星期二,语文,语文,政治,数学,体育,生物,
星期三,数学,语文,单双周,英语,政治,生物,物理,
星期四,语文,数学,物理,英语,自习,政治,生物,
星期五,英语,英语,数学,语文,物理,政治,体育,

学号：,224,,班级:,高二3班
星期一,数学,历史,语文,政治,单双周,体育,班会,
星期二,英语,数学,语文,政治,物理,自习,
星期三,数学,语文,语文,英语,物理,体育,历史,
星期四,语文,数学,历史,英语,自习,政治,物理,
星期五,数学,数学,英语,英语,历史,物理,政治,

学号：,225,,班级:,高二7班
星期一,英语,生物,数学,历史,语文,化学,班会,
星期二,语文,历史,英语,数学,化学,自习,体育,
星期三,英语,化学,数学,数学,单双周,历史,生物,
星期四,语文,语文,生物,数学,化学,体育,
星期五,英语,英语,数学,语文,生物,自习,历史,

学号：,226,,班级:,高二6班
星期一,英语,化学,数学,数学,生物,自习,班会,
星期二,语文,语文,政治,数学,体育,生物,
星期三,数学,语文,单双周,英语,政治,生物,化学,
星期四,语文,数学,化学,英语,自习,政治,生物,
星期五,英语,英语,数学,语文,化学,政治,体育,

学号：,227,,班级:,高二6班
星期一,英语,物理,数学,数学,生物,自习,班会,
星期二,语文,语文,政治,数学,体育,生物,
星期三,数学,语文,单双周,英语,政治,生物,物理,
星期四,语文,数学,物理,英语,自习,政治,生物,
星期五,英语,英语,数学,语文,物理,政治,体育,

学号：,228,,班级:,高二1班
星期一,数学,地理,语文,物理,化学,单双周,班会,
星期二,英语,物理,数学,语文,体育,自习,化学,
星期三,英语,语文,语文,数学,化学,物理,地理,
星期四,语文,英语,地理,数学,自习,化学,
星期五,英语,英语,数学,数学,地理,体育,物理,

学号：,229,,班级:,高二6班
星期一,英语,历史,数学,数学,生物,自习,班会,
星期二,语文,语文,政治,数学,体育,生物,
星期三,数学,语文,单双周,英语,政治,生物,历史,
星期四,语文,数学,历史,英语,自习,政治,生物,
星期五,英语,英语,数学,语文,历史,政治,体育,

学号：,230,,班级:,高二8班
星期一,语文,物理,数学,政治,化学,单双周,班会,
星期二,语文,政治,英语,数学,体育,自习,化学,
星期三,英语,英语,语文,语文,数学,政治,物理,
星期四,英语,数学,物理,语文,化学,自习,
星期五,数学,数学,英语,化学,物理,体育,政治,

学号：,231,,班级:,高二9班
星期一,语文,历史,数学,物理,英语,化学,班会,
星期二,语文,物理,数学,数学,单双周,化学,自习,
星期三,数学,英语,语文,语文,体育,物理,历史,
星期四,语文,数学,历史,英语,化学,自习,
星期五,英语,英语,数学,化学,历史,体育,物理,

学号：,232,,班级:,高二2班
星期一,数学,化学,生物,英语,体育,物理,班会,
星期二,数学,数学,语文,语文,自习,生物,
星期三,语文,数学,英语,体育,物理,生物,化学,
星期四,数学,语文,化学,自习,英语,物理,单双周,
星期五,英语,英语,语文,数学,化学,物理,生物,

学号：,233,,班级:,高二7班
星期一,英语,政治,数学,历史,语文,化学,班会,
星期二,语文,历史,英语,数学,化学,自习,体育,
星期三,英语,化学,数学,数学,单双周,历史,政治,
星期四,语文,语文,政治,数学,化学,体育,
星期五,英语,英语,数学,语文,政治,自习,历史,

学号：,234,,班级:,高二10班
星期一,数学,历史,英语,生物,体育,班会,
星期二,语文,语文,数学,英语,物理,生物,自习,
星期三,数学,数学,语文,英语,物理,体育,历史,
星期四,语文,数学,历史,生物,物理,单双周,自习,
星期五,数学,语文,英语,英语,历史,生物,物理,

学号：,235,,班级:,高二4班
星期一,数学,物理,英语,语文,体育,化学,班会,
星期二,英语,英语,数学,数学,化学,生物,
星期三,语文,单双周,英语,数学,生物,自习,物理,
星期四,语文,语文,物理,数学,体育,生物,化学,
星期五,语文,英语,化学,数学,物理,生物,自习,

学号：,236,,班级:,高二6班
星期一,英语,历史,数学,数学,生物,自习,班会,
星期二,语文,语文,政治,数学,体育,生物,
星期三,数学,语文,单双周,英语,政治,生物,历史,
星期四,语文,数学,历史,英语,自习,政治,生物,
星期五,英语,英语,数学,语文,历史,政治,体育,

学号：,237,,班级:,高二6班
星期一,英语,物理,数学,数学,生物,自习,班会,
星期二,语文,语文,政治,数学,体育,生物,
星期三,数学,语文,单双周,英语,政治,生物,物理,
星期四,语文,数学,物理,英语,自习,政治,生物,
星期五,英语,英语,数学,语文,物理,政治,体育,

学号：,238,,班级:,高二4班
星期一,数学,历史,英语,语文,体育,化学,班会,
星期二,英语,英语,数学,数学,化学,生物,
星期三,语文,单双周,英语,数学,生物,自习,历史,
星期四,语文,语文,历史,数学,体育,生物,化学,
星期五,语文,英语,化学,数学,历史,生物,自习,

学号：,239,,班级:,高二1班
星期一,数学,政治,语文,物理,化学,单双周,班会,
星期二,英语,物理,数学,语文,体育,自习,化学,
星期三,英语,语文,语文,数学,化学,物理,政治,
星期四,语文,英语,政治,数学,自习,化学,
星期五,英语,英语,数学,数学,政治,体育,物理,

学号：,240,,班级:,高二8班
星期一,语文,历史,数学,政治,化学,单双周,班会,
星期二,语文,政治,英语,数学,体育,自习,化学,
星期三,英语,英语,语文,语文,数学,政治,历史,
星期四,英语,数学,历史,语文,化学,自习,
星期五,数学,数学,英语,化学,历史,体育,政治,

学号：,241,,班级:,高二6班
星期一,英语,历史,数学,数学,生物,自习,班会,
星期二,语文,语文,政治,数学,体育,生物,
星期三,数学,语文,单双周,英语,政治,生物,历史,
星期四,语文,数学,历史,英语,自习,政治,生物,
星期五,英语,英语,数学,语文,历史,政治,体育,

学号：,242,,班级:,高二1班
星期一,数学,地理,语文,物理,化学,单双周,班会,
星期二,英语,物理,数学,语文,体育,自习,化学,
星期三,英语,语文,语文,数学,化学,物理,地理,
星期四,语文,英语,地理,数学,自习,化学,
星期五,英语,英语,数学,数学,地理,体育,物理,

学号：,243,,班级:,高二3班
星期一,数学,历史,语文,政治,单双周,体育,班会,
星期二,英语,数学,语文,政治,物理,自习,
星期三,数学,语文,语文,英语,物理,体育,历史,
星期四,语文,数学,历史,英语,自习,政治,物理,
星期五,数学,数学,英语,英语,历史,物理,政治,

学号：,244,,班级:,高二3班
星期一,数学,地理,语文,政治,单双周,体育,班会,
星期二,英语,数学,语文,政治,物理,自习,
星期三,数学,语文,语文,英语,物理,体育,地理,
星期四,语文,数学,地理,英语,自习,政治,物理,
星期五,数学,数学,英语,英语,地理,物理,政治,

学号：,245,,班级:,高二6班
星期一,英语,历史,数学,数学,生物,自习,班会,
星期二,语文,语文,政治,数学,体育,生物,
星期三,数学,语文,单双周,英语,政治,生物,历史,
星期四,语文,数学,历史,英语,自习,政治,生物,
星期五,英语,英语,数学,语文,历史,政治,体育,

学号：,246,,班级:,高二9班
星期一,语文,政治,数学,物理,英语,化学,班会,
星期二,语文,物理,数学,数学,单双周,化学,自习,
星期三,数学,英语,语文,语文,体育,物理,政治,
星期四,语文,数学,政治,英语,化学,自习,
星期五,英语,英语,数学,化学,政治,体育,物理,

学号：,247,,班级:,高二7班
星期一,英语,生物,数学,历史,语文,化学,班会,
星期二,语文,历史,英语,数学,化学,自习,体育,
星期三,英语,化学,数学,数学,单双周,历史,生物,
星期四,语文,语文,生物,数学,化学,体育,
星期五,英语,英语,数学,语文,生物,自习,历史,

学号：,248,,班级:,高二7班
星期一,英语,地理,数学,历史,语文,化学,班会,
星期二,语文,历史,英语,数学,化学,自习,体育,
星期三,英语,化学,数学,数学,单双周,历史,地理,
星期四,语文,语文,地理,数学,化学,体育,
星期五,英语,英语,数学,语文,地理,自习,历史,

学号：,249,,班级:,高二8班
星期一,语文,物理,数学,政治,化学,单双周,班会,
星期二,语文,政治,英语,数学,体育,自习,化学,
星期三,英语,英语,语文,语文,数学,政治,物理,
星期四,英语,数学,物理,语文,化学,自习,
星期五,数学,数学,英语,化学,物理,体育,政治,

学号：,250,,班级:,高二7班
星期一,英语,生物,数学,历史,语文,化学,班会,
星期二,语文,历史,英语,数学,化学,自习,体育,
星期三,英语,化学,数学,数学,单双周,历史,生物,
星期四,语文,语文,生物,数学,化学,体育,
星期五,英语,英语,数学,语文,生物,自习,历史,

学号：,251,,班级:,高二1班
星期一,数学,地理,语文,物理,化学,单双周,班会,
星期二,英语,物理,数学,语文,体育,自习,化学,
星期三,英语,语文,语文,数学,化学,物理,地理,
星期四,语文,英语,地理,数学,自习,化学,
星期五,英语,英语,数学,数学,地理,体育,物理,

学号：,252,,班级:,高二6班
星期一,英语,地理,数学,数学,生物,自习,班会,
星期二,语文,语文,政治,数学,体育,生物,
星期三,数学,语文,单双周,英语,政治,生物,地理,
星期四,语文,数学,地理,英语,自习,政治,生物,
星期五,英语,英语,数学,语文,地理,政治,体育,

学号：,253,,班级:,高二2班
星期一,数学,化学,生物,英语,体育,物理,班会,
星期二,数学,数学,语文,语文,自习,生物,
星期三,语文,数学,英语,体育,物理,生物,化学,
星期四,数学,语文,化学,自习,英语,物理,单双周,
星期五,英语,英语,语文,数学,化学,物理,生物,

学号：,254,,班级:,高二7班
星期一,英语,物理,数学,历史,语文,化学,班会,
星期二,语文,历史,英语,数学,化学,自习,体育,
星期三,英语,化学,数学,数学,单双周,历史,物理,
星期四,语文,语文,物理,数学,化学,体育,
星期五,英语,英语,数学,语文,物理,自习,历史,

学号：,255,,班级:,高二6班
星期一,英语,地理,数学,数学,生物,自习,班会,
星期二,语文,语文,政治,数学,体育,生物,
星期三,数学,语文,单双周,英语,政治,生物,地理,
星期四,语文,数学,地理,英语,自习,政治,生物,
星期五,英语,英语,数学,语文,地理,政治,体育,

学号：,256,,班级:,高二8班
星期一,语文,物理,数学,政治,化学,单双周,班会,
星期二,语文,政治,英语,数学,体育,自习,化学,
星期三,英语,英语,语文,语文,数学,政治,物理,
星期四,英语,数学,物理,语文,化学,自习,
星期五,数学,数学,英语,化学,物理,体育,政治,

学号：,257,,班级:,高二7班
星期一,英语,生物,数学,历史,语文,化学,班会,
星期二,语文,历史,英语,数学,化学,自习,体育,
星期三,英语,化学,数学,数学,单双周,历史,生物,
星期四,语文,语文,生物,数学,化学,体育,
星期五,英语,英语,数学,语文,生物,自习,历史,

学号：,258,,班级:,高二7班
星期一,英语,政治,数学,历史,语文,化学,班会,
星期二,语文,历史,英语,数学,化学,自习,体育,
星期三,英语,化学,数学,数学,单双周,历史,政治,
星期四,语文,语文,政治,数学,化学,体育,
星期五,英语,英语,数学,语文,政治,自习,历史,

学号：,259,,班级:,高二6班
星期一,英语,历史,数学,数学,生物,自习,班会,
星期二,语文,语文,政治,数学,体育,生物,
星期三,数学,语文,单双周,英语,政治,生物,历史,
星期四,语文,数学,历史,英语,自习,政治,生物,
星期五,英语,英语,数学,语文,历史,政治,体育,

学号：,260,,班级:,高二7班
星期一,英语,地理,数学,历史,语文,化学,班会,
星期二,语文,历史,英语,数学,化学,自习,体育,
星期三,英语,化学,数学,数学,单双周,历史,地理,
星期四,语文,语文,地理,数学,化学,体育,
星期五,英语,英语,数学,语文,地理,自习,历史,

学号：,261,,班级:,高二6班
星期一,英语,历史,数学,数学,生物,自习,班会,
星期二,语文,语文,政治,数学,体育,生物,
星期三,数学,语文,单双周,英语,政治,生物,历史,
星期四,语文,数学,历史,英语,自习,政治,生物,
星期五,英语,英语,数学,语文,历史,政治,体育,

学号：,262,,班级:,高二7班
星期一,英语,地理,数学,历史,语文,化学,班会,
星期二,语文,历史,英语,数学,化学,自习,体育,
星期三,英语,化学,数学,数学,单双周,历史,地理,
星期四,语文,语文,地理,数学,化学,体育,
星期五,英语,英语,数学,语文,地理,自习,历史,

学号：,263,,班级:,高二7班
星期一,英语,生物,数学,历史,语文,化学,班会,
星期二,语文,历史,英语,数学,化学,自习,体育,
星期三,英语,化学,数学,数学,单双周,历史,生物,
星期四,语文,语文,生物,数学,化学,体育,
星期五,英语,英语,数学,语文,生物,自习,历史,

学号：,264,,班级:,高二10班
星期一,数学,政治,英语,生物,体育,班会,
星期二,语文,语文,数学,英语,物理,生物,自习,
星期三,数学,数学,语文,英语,物理,体育,政治,
星期四,语文,数学,政治,生物,物理,单双周,自习,
星期五,数学,语文,英语,英语,政治,生物,物理,

学号：,265,,班级:,高二7班
星期一,英语,生物,数学,历史,语文,化学,班会,
星期二,语文,历史,英语,数学,化学,自习,体育,
星期三,英语,化学,数学,数学,单双周,历史,生物,
星期四,语文,语文,生物,数学,化学,体育,
星期五,英语,英语,数学,语文,生物,自习,历史,

学号：,266,,班级:,高二2班
星期一,数学,化学,生物,英语,体育,物理,班会,
星期二,数学,数学,语文,语文,自习,生物,
星期三,语文,数学,英语,体育,物理,生物,化学,
星期四,数学,语文,化学,自习,英语,物理,单双周,
星期五,英语,英语,语文,数学,化学,物理,生物,

学号：,267,,班级:,高二4班
星期一,数学,地理,英语,语文,体育,化学,班会,
星期二,英语,英语,数学,数学,化学,生物,
星期三,语文,单双周,英语,数学,生物,自习,地理,
星期四,语文,语文,地理,数学,体育,生物,化学,
星期五,语文,英语,化学,数学,地理,生物,自习,

学号：,268,,班级:,高二2班
星期一,数学,政治,生物,英语,体育,物理,班会,
星期二,数学,数学,语文,语文,自习,生物,
星期三,语文,数学,英语,体育,物理,生物,政治,
星期四,数学,语文,政治,自习,英语,物理,单双周,
星期五,英语,英语,语文,数学,政治,物理,生物,

学号：,269,,班级:,高二5班
星期一,英语,政治,数学,历史,体育,地理,班会,
星期二,英语,英语,数学,语文,地理,历史,
星期三,英语,数学,语文,语文,自习,地理,政治,
星期四,英语,数学,政治,语文,地理,体育,历史,
星期五,单双周,语文,数学,数学,政治,历史,自习,

学号：,270,,班级:,高二9班
星期一,语文,政治,数学,物理,英语,化学,班会,
星期二,语文,物理,数学,数学,单双周,化学,自习,
星期三,数学,英语,语文,语文,体育,物理,政治,
星期四,语文,数学,政治,英语,化学,自习,
星期五,英语,英语,数学,化学,政治,体育,物理,

学号：,271,,班级:,高二3班
星期一,数学,地理,语文,政治,单双周,体育,班会,
星期二,英语,数学,语文,政治,物理,自习,
星期三,数学,语文,语文,英语,物理,体育,地理,
星期四,语文,数学,地理,英语,自习,政治,物理,
星期五,数学,数学,英语,英语,地理,物理,政治,

学号：,272,,班级:,高二10班
星期一,数学,政治,英语,生物,体育,班会,
星期二,语文,语文,数学,英语,物理,生物,自习,
星期三,数学,数学,语文,英语,物理,体育,政治,
星期四,语文,数学,政治,生物,物理,单双周,自习,
星期五,数学,语文,英语,英语,政治,生物,物理,

学号：,273,,班级:,高二2班
星期一,数学,政治,生物,英语,体育,物理,班会,
星期二,数学,数学,语文,语文,自习,生物,
星期三,语文,数学,英语,体育,物理,生物,政治,
星期四,数学,语文,政治,自习,英语,物理,单双周,
星期五,英语,英语,语文,数学,政治,物理,生物,

学号：,274,,班级:,高二7班
星期一,英语,物理,数学,历史,语文,化学,班会,
星期二,语文,历史,英语,数学,化学,自习,体育,
星期三,英语,化学,数学,数学,单双周,历史,物理,
星期四,语文,语文,物理,数学,化学,体育,
星期五,英语,英语,数学,语文,物理,自习,历史,

学号：,275,,班级:,高二7班
星期一,英语,政治,数学,历史,语文,化学,班会,
星期二,语文,历史,英语,数学,化学,自习,体育,
星期三,英语,化学,数学,数学,单双周,历史,政治,
星期四,语文,语文,政治,数学,化学,体育,
星期五,英语,英语,数学,语文,政治,自习,历史,

学号：,276,,班级:,高二8班
星期一,语文,地理,数学,政治,化学,单双周,班会,
星期二,语文,政治,英语,数学,体育,自习,化学,
星期三,英语,英语,语文,语文,数学,政治,地理,
星期四,英语,数学,地理,语文,化学,自习,
星期五,数学,数学,英语,化学,地理,体育,政治,

学号：,277,,班级:,高二10班
星期一,数学,地理,英语,生物,体育,班会,
星期二,语文,语文,数学,英语,物理,生物,自习,
星期三,数学,数学,语文,英语,物理,体育,地理,
星期四,语文,数学,地理,生物,物理,单双周,自习,
星期五,数学,语文,英语,英语,地理,生物,物理,

学号：,278,,班级:,高二7班
星期一,英语,物理,数学,历史,语文,化学,班会,
星期二,语文,历史,英语,数学,化学,自习,体育,
星期三,英语,化学,数学,数学,单双周,历史,物理,
星期四,语文,语文,物理,数学,化学,体育,
星期五,英语,英语,数学,语文,物理,自习,历史,

学号：,279,,班级:,高二2班
星期一,数学,政治,生物,英语,体育,物理,班会,
星期二,数学,数学,语文,语文,自习,生物,
星期三,语文,数学,英语,体育,物理,生物,政治,
星期四,数学,语文,政治,自习,英语,物理,单双周,
星期五,英语,英语,语文,数学,政治,物理,生物,

学号：,280,,班级:,高二6班
星期一,英语,历史,数学,数学,生物,自习,班会,
星期二,语文,语文,政治,数学,体育,生物,
星期三,数学,语文,单双周,英语,政治,生物,历史,
星期四,语文,数学,历史,英语,自习,政治,生物,
星期五,英语,英语,数学,语文,历史,政治,体育,

学号：,281,,班级:,高二5班
星期一,英语,物理,数学,历史,体育,地理,班会,
星期二,英语,英语,数学,语文,地理,历史,
星期三,英语,数学,语文,语文,自习,地理,物理,
星期四,英语,数学,物理,语文,地理,体育,历史,
星期五,单双周,语文,数学,数学,物理,历史,自习,

学号：,282,,班级:,高二8班
星期一,语文,地理,数学,政治,化学,单双周,班会,
星期二,语文,政治,英语,数学,体育,自习,化学,
星期三,英语,英语,语文,语文,数学,政治,地理,
星期四,英语,数学,地理,语文,化学,自习,
星期五,数学,数学,英语,化学,地理,体育,政治,

学号：,283,,班级:,高二6班
星期一,英语,地理,数学,数学,生物,自习,班会,
星期二,语文,语文,政治,数学,体育,生物,
星期三,数学,语文,单双周,英语,政治,生物,地理,
星期四,语文,数学,地理,英语,自习,政治,生物,
星期五,英语,英语,数学,语文,地理,政治,体育,

学号：,284,,班级:,高二8班
星期一,语文,地理,数学,政治,化学,单双周,班会,
星期二,语文,政治,英语,数学,体育,自习,化学,
星期三,英语,英语,语文,语文,数学,政治,地理,
星期四,英语,数学,地理,语文,化学,自习,
星期五,数学,数学,英语,化学,地理,体育,政治,

学号：,285,,班级:,高二8班
星期一,语文,物理,数学,政治,化学,单双周,班会,
星期二,语文,政治,英语,数学,体育,自习,化学,
星期三,英语,英语,语文,语文,数学,政治,物理,
星期四,英语,数学,物理,语文,化学,自习,
星期五,数学,数学,英语,化学,物理,体育,政治,

学号：,286,,班级:,高二10班
星期一,数学,地理,英语,生物,体育,班会,
星期二,语文,语文,数学,英语,物理,生物,自习,
星期三,数学,数学,语文,英语,物理,体育,地理,
星期四,语文,数学,地理,生物,物理,单双周,自习,
星期五,数学,语文,英语,英语,地理,生物,物理,

学号：,287,,班级:,高二9班
星期一,语文,地理,数学,物理,英语,化学,班会,
星期二,语文,物理,数学,数学,单双周,化学,自习,
星期三,数学,英语,语文,语文,体育,物理,地理,
星期四,语文,数学,地理,英语,化学,自习,
星期五,英语,英语,数学,化学,地理,体育,物理,

学号：,288,,班级:,高二8班
星期一,语文,物理,数学,政治,化学,单双周,班会,
星期二,语文,政治,英语,数学,体育,自习,化学,
星期三,英语,英语,语文,语文,数学,政治,物理,
星期四,英语,数学,物理,语文,化学,自习,
星期五,数学,数学,英语,化学,物理,体育,政治,

学号：,289,,班级:,高二8班
星期一,语文,地理,数学,政治,化学,单双周,班会,
星期二,语文,政治,英语,数学,体育,自习,化学,
星期三,英语,英语,语文,语文,数学,政治,地理,
星期四,英语,数学,地理,语文,化学,自习,
星期五,数学,数学,英语,化学,地理,体育,政治,

学号：,290,,班级:,高二8班
星期一,语文,生物,数学,政治,化学,单双周,班会,
星期二,语文,政治,英语,数学,体育,自习,化学,
星期三,英语,英语,语文,语文,数学,政治,生物,
星期四,英语,数学,生物,语文,化学,自习,
星期五,数学,数学,英语,化学,生物,体育,政治,

学号：,291,,班级:,高二7班
星期一,英语,生物,数学,历史,语文,化学,班会,
星期二,语文,历史,英语,数学,化学,自习,体育,
星期三,英语,化学,数学,数学,单双周,历史,生物,
星期四,语文,语文,生物,数学,化学,体育,
星期五,英语,英语,数学,语文,生物,自习,历史,

学号：,292,,班级:,高二8班
星期一,语文,历史,数学,政治,化学,单双周,班会,
星期二,语文,政治,英语,数学,体育,自习,化学,
星期三,英语,英语,语文,语文,数学,政治,历史,
星期四,英语,数学,历史,语文,化学,自习,
星期五,数学,数学,英语,化学,历史,体育,政治,

学号：,293,,班级:,高二8班
星期一,语文,生物,数学,政治,化学,单双周,班会,
星期二,语文,政治,英语,数学,体育,自习,化学,
星期三,英语,英语,语文,语文,数学,政治,生物,
星期四,英语,数学,生物,语文,化学,自习,
星期五,数学,数学,英语,化学,生物,体育,政治,

学号：,294,,班级:,高二1班
星期一,数学,生物,语文,物理,化学,单双周,班会,
星期二,英语,物理,数学,语文,体育,自习,化学,
星期三,英语,语文,语文,数学,化学,物理,生物,
星期四,语文,英语,生物,数学,自习,化学,
星期五,英语,英语,数学,数学,生物,体育,物理,

学号：,295,,班级:,高二5班
星期一,英语,化学,数学,历史,体育,地理,班会,
星期二,英语,英语,数学,语文,地理,历史,
星期三,英语,数学,语文,语文,自习,地理,化学,
星期四,英语,数学,化学,语文,地理,体育,历史,
星期五,单双周,语文,数学,数学,化学,历史,自习,

学号：,296,,班级:,高二8班
星期一,语文,生物,数学,政治,化学,单双周,班会,
星期二,语文,政治,英语,数学,体育,自习,化学,
星期三,英语,英语,语文,语文,数学,政治,生物,
星期四,英语,数学,生物,语文,化学,自习,
星期五,数学,数学,英语,化学,生物,体育,政治,

学号：,297,,班级:,高二8班
星期一,语文,物理,数学,政治,化学,单双周,班会,
星期二,语文,政治,英语,数学,体育,自习,化学,
星期三,英语,英语,语文,语文,数学,政治,物理,
星期四,英语,数学,物理,语文,化学,自习,
星期五,数学,数学,英语,化学,物理,体育,政治,

学号：,298,,班级:,高二5班
星期一,英语,化学,数学,历史,体育,地理,班会,
星期二,英语,英语,数学,语文,地理,历史,
星期三,英语,数学,语文,语文,自习,地理,化学,
星期四,英语,数学,化学,语文,地理,体育,历史,
星期五,单双周,语文,数学,数学,化学,历史,自习,

学号：,299,,班级:,高二4班
星期一,数学,物理,英语,语文,体育,化学,班会,
星期二,英语,英语,数学,数学,化学,生物,
星期三,语文,单双周,英语,数学,生物,自习,物理,
星期四,语文,语文,物理,数学,体育,生物,化学,
星期五,语文,英语,化学,数学,物理,生物,自习,

学号：,300,,班级:,高二10班
星期一,数学,政治,英语,生物,体育,班会,
星期二,语文,语文,数学,英语,物理,生物,自习,
星期三,数学,数学,语文,英语,物理,体育,政治,
星期四,语文,数学,政治,生物,物理,单双周,自习,
星期五,数学,语文,英语,英语,政治,生物,物理,

学号：,301,,班级:,高二2班
星期一,数学,历史,生物,英语,体育,物理,班会,
星期二,数学,数学,语文,语文,自习,生物,
星期三,语文,数学,英语,体育,物理,生物,历史,
星期四,数学,语文,历史,自习,英语,物理,单双周,
星期五,英语,英语,语文,数学,历史,物理,生物,

学号：,302,,班级:,高二5班
星期一,英语,物理,数学,历史,体育,地理,班会,
星期二,英语,英语,数学,语文,地理,历史,
星期三,英语,数学,语文,语文,自习,地理,物理,
星期四,英语,数学,物理,语文,地理,体育,历史,
星期五,单双周,语文,数学,数学,物理,历史,自习,

学号：,303,,班级:,高二3班
星期一,数学,历史,语文,政治,单双周,体育,班会,
星期二,英语,数学,语文,政治,物理,自习,
星期三,数学,语文,语文,英语,物理,体育,历史,
星期四,语文,数学,历史,英语,自习,政治,物理,
星期五,数学,数学,英语,英语,历史,物理,政治,

学号：,304,,班级:,高二1班
星期一,数学,地理,语文,物理,化学,单双周,班会,
星期二,英语,物理,数学,语文,体育,自习,化学,
星期三,英语,语文,语文,数学,化学,物理,地理,
星期四,语文,英语,地理,数学,自习,化学,
星期五,英语,英语,数学,数学,地理,体育,物理,

学号：,305,,班级:,高二8班
星期一,语文,物理,数学,政治,化学,单双周,班会,
星期二,语文,政治,英语,数学,体育,自习,化学,
星期三,英语,英语,语文,语文,数学,政治,物理,
星期四,英语,数学,物理,语文,化学,自习,
星期五,数学,数学,英语,化学,物理,体育,政治,

学号：,306,,班级:,高二8班
星期一,语文,物理,数学,政治,化学,单双周,班会,
星期二,语文,政治,英语,数学,体育,自习,化学,
星期三,英语,英语,语文,语文,数学,政治,物理,
星期四,英语,数学,物理,语文,化学,自习,
星期五,数学,数学,英语,化学,物理,体育,政治,

学号：,307,,班级:,高二8班
星期一,语文,生物,数学,政治,化学,单双周,班会,
星期二,语文,政治,英语,数学,体育,自习,化学,
星期三,英语,英语,语文,语文,数学,政治,生物,
星期四,英语,数学,生物,语文,化学,自习,
星期五,数学,数学,英语,化学,生物,体育,政治,

学号：,308,,班级:,高二8班
星期一,语文,生物,数学,政治,化学,单双周,班会,
星期二,语文,政治,英语,数学,体育,自习,化学,
星期三,英语,英语,语文,语文,数学,政治,生物,
星期四,英语,数学,生物,语文,化学,自习,
星期五,数学,数学,英语,化学,生物,体育,政治,

学号：,309,,班级:,高二8班
星期一,语文,物理,数学,政治,化学,单双周,班会,
星期二,语文,政治,英语,数学,体育,自习,化学,
星期三,英语,英语,语文,语文,数学,政治,物理,
星期四,英语,数学,物理,语文,化学,自习,
星期五,数学,数学,英语,化学,物理,体育,政治,

学号：,310,,班级:,高二7班
星期一,英语,生物,数学,历史,语文,化学,班会,
星期二,语文,历史,英语,数学,化学,自习,体育,
星期三,英语,化学,数学,数学,单双周,历史,生物,
星期四,语文,语文,生物,数学,化学,体育,
星期五,英语,英语,数学,语文,生物,自习,历史,

学号：,311,,班级:,高二9班
星期一,语文,地理,数学,物理,英语,化学,班会,
星期二,语文,物理,数学,数学,单双周,化学,自习,
星期三,数学,英语,语文,语文,体育,物理,地理,
星期四,语文,数学,地理,英语,化学,自习,
星期五,英语,英语,数学,化学,地理,体育,物理,

学号：,312,,班级:,高二4班
星期一,数学,物理,英语,语文,体育,化学,班会,
星期二,英语,英语,数学,数学,化学,生物,
星期三,语文,单双周,英语,数学,生物,自习,物理,
星期四,语文,语文,物理,数学,体育,生物,化学,
星期五,语文,英语,化学,数学,物理,生物,自习,

学号：,313,,班级:,高二8班
星期一,语文,生物,数学,政治,化学,单双周,班会,
星期二,语文,政治,英语,数学,体育,自习,化学,
星期三,英语,英语,语文,语文,数学,政治,生物,
星期四,英语,数学,生物,语文,化学,自习,
星期五,数学,数学,英语,化学,生物,体育,政治,

学号：,314,,班级:,高二8班
星期一,语文,生物,数学,政治,化学,单双周,班会,
星期二,语文,政治,英语,数学,体育,自习,化学,
星期三,英语,英语,语文,语文,数学,政治,生物,
星期四,英语,数学,生物,语文,化学,自习,
星期五,数学,数学,英语,化学,生物,体育,政治,

学号：,315,,班级:,高二8班
星期一,语文,生物,数学,政治,化学,单双周,班会,
星期二,语文,政治,英语,数学,体育,自习,化学,
星期三,英语,英语,语文,语文,数学,政治,生物,
星期四,英语,数学,生物,语文,化学,自习,
星期五,数学,数学,英语,化学,生物,体育,政治,

学号：,316,,班级:,高二9班
星期一,语文,生物,数学,物理,英语,化学,班会,
星期二,语文,物理,数学,数学,单双周,化学,自习,
星期三,数学,英语,语文,语文,体育,物理,生物,
星期四,语文,数学,生物,英语,化学,自习,
星期五,英语,英语,数学,化学,生物,体育,物理,

学号：,317,,班级:,高二2班
星期一,数学,历史,生物,英语,体育,物理,班会,
星期二,数学,数学,语文,语文,自习,生物,
星期三,语文,数学,英语,体育,物理,生物,历史,
星期四,数学,语文,历史,自习,英语,物理,单双周,
星期五,英语,英语,语文,数学,历史,物理,生物,

学号：,318,,班级:,高二8班
星期一,语文,生物,数学,政治,化学,单双周,班会,
星期二,语文,政治,英语,数学,体育,自习,化学,
星期三,英语,英语,语文,语文,数学,政治,生物,
星期四,英语,数学,生物,语文,化学,自习,
星期五,数学,数学,英语,化学,生物,体育,政治,

学号：,319,,班级:,高二4班
星期一,数学,物理,英语,语文,体育,化学,班会,
星期二,英语,英语,数学,数学,化学,生物,
星期三,语文,单双周,英语,数学,生物,自习,物理,
星期四,语文,语文,物理,数学,体育,生物,化学,
星期五,语文,英语,化学,数学,物理,生物,自习,

学号：,320,,班级:,高二10班
星期一,数学,地理,英语,生物,体育,班会,
星期二,语文,语文,数学,英语,物理,生物,自习,
星期三,数学,数学,语文,英语,物理,体育,地理,
星期四,语文,数学,地理,生物,物理,单双周,自习,
星期五,数学,语文,英语,英语,地理,生物,物理,

学号：,321,,班级:,高二5班
星期一,英语,政治,数学,历史,体育,地理,班会,
星期二,英语,英语,数学,语文,地理,历史,
星期三,英语,数学,语文,语文,自习,地理,政治,
星期四,英语,数学,政治,语文,地理,体育,历史,
星期五,单双周,语文,数学,数学,政治,历史,自习,

学号：,322,,班级:,高二4班
星期一,数学,地理,英语,语文,体育,化学,班会,
星期二,英语,英语,数学,数学,化学,生物,
星期三,语文,单双周,英语,数学,生物,自习,地理,
星期四,语文,语文,地理,数学,体育,生物,化学,
星期五,语文,英语,化学,数学,地理,生物,自习,

学号：,323,,班级:,高二3班
星期一,数学,地理,语文,政治,单双周,体育,班会,
星期二,英语,数学,语文,政治,物理,自习,
星期三,数学,语文,语文,英语,物理,体育,地理,
星期四,语文,数学,地理,英语,自习,政治,物理,
星期五,数学,数学,英语,英语,地理,物理,政治,

学号：,324,,班级:,高二5班
星期一,英语,生物,数学,历史,体育,地理,班会,
星期二,英语,英语,数学,语文,地理,历史,
星期三,英语,数学,语文,语文,自习,地理,生物,
星期四,英语,数学,生物,语文,地理,体育,历史,
星期五,单双周,语文,数学,数学,生物,历史,自习,

学号：,325,,班级:,高二6班
星期一,英语,地理,数学,数学,生物,自习,班会,
星期二,语文,语文,政治,数学,体育,生物,
星期三,数学,语文,单双周,英语,政治,生物,地理,
星期四,语文,数学,地理,英语,自习,政治,生物,
星期五,英语,英语,数学,语文,地理,政治,体育,

学号：,326,,班级:,高二7班
星期一,英语,政治,数学,历史,语文,化学,班会,
星期二,语文,历史,英语,数学,化学,自习,体育,
星期三,英语,化学,数学,数学,单双周,历史,政治,
星期四,语文,语文,政治,数学,化学,体育,
星期五,英语,英语,数学,语文,政治,自习,历史,

学号：,327,,班级:,高二9班
星期一,语文,政治,数学,物理,英语,化学,班会,
星期二,语文,物理,数学,数学,单双周,化学,自习,
星期三,数学,英语,语文,语文,体育,物理,政治,
星期四,语文,数学,政治,英语,化学,自习,
星期五,英语,英语,数学,化学,政治,体育,物理,

学号：,328,,班级:,高二9班
星期一,语文,地理,数学,物理,英语,化学,班会,
星期二,语文,物理,数学,数学,单双周,化学,自习,
星期三,数学,英语,语文,语文,体育,物理,地理,
星期四,语文,数学,地理,英语,化学,自习,
星期五,英语,英语,数学,化学,地理,体育,物理,

学号：,329,,班级:,高二10班
星期一,数学,政治,英语,生物,体育,班会,
星期二,语文,语文,数学,英语,物理,生物,自习,
星期三,数学,数学,语文,英语,物理,体育,政治,
星期四,语文,数学,政治,生物,物理,单双周,自习,
星期五,数学,语文,英语,英语,政治,生物,物理,

学号：,330,,班级:,高二2班
星期一,数学,政治,生物,英语,体育,物理,班会,
星期二,数学,数学,语文,语文,自习,生物,
星期三,语文,数学,英语,体育,物理,生物,政治,
星期四,数学,语文,政治,自习,英语,物理,单双周,
星期五,英语,英语,语文,数学,政治,物理,生物,

学号：,331,,班级:,高二9班
星期一,语文,生物,数学,物理,英语,化学,班会,
星期二,语文,物理,数学,数学,单双周,化学,自习,
星期三,数学,英语,语文,语文,体育,物理,生物,
星期四,语文,数学,生物,英语,化学,自习,
星期五,英语,英语,数学,化学,生物,体育,物理,

学号：,332,,班级:,高二6班
星期一,英语,地理,数学,数学,生物,自习,班会,
星期二,语文,语文,政治,数学,体育,生物,
星期三,数学,语文,单双周,英语,政治,生物,地理,
星期四,语文,数学,地理,英语,自习,政治,生物,
星期五,英语,英语,数学,语文,地理,政治,体育,

学号：,333,,班级:,高二2班
星期一,数学,地理,生物,英语,体育,物理,班会,
星期二,数学,数学,语文,语文,自习,生物,
星期三,语文,数学,英语,体育,物理,生物,地理,
星期四,数学,语文,地理,自习,英语,物理,单双周,
星期五,英语,英语,语文,数学,地理,物理,生物,

学号：,334,,班级:,高二9班
星期一,语文,历史,数学,物理,英语,化学,班会,
星期二,语文,物理,数学,数学,单双周,化学,自习,
星期三,数学,英语,语文,语文,体育,物理,历史,
星期四,语文,数学,历史,英语,化学,自习,
星期五,英语,英语,数学,化学,历史,体育,物理,

学号：,335,,班级:,高二9班
星期一,语文,生物,数学,物理,英语,化学,班会,
星期二,语文,物理,数学,数学,单双周,化学,自习,
星期三,数学,英语,语文,语文,体育,物理,生物,
星期四,语文,数学,生物,英语,化学,自习,
星期五,英语,英语,数学,化学,生物,体育,物理,

学号：,336,,班级:,高二10班
星期一,数学,政治,英语,生物,体育,班会,
星期二,语文,语文,数学,英语,物理,生物,自习,
星期三,数学,数学,语文,英语,物理,体育,政治,
星期四,语文,数学,政治,生物,物理,单双周,自习,
星期五,数学,语文,英语,英语,政治,生物,物理,

学号：,337,,班级:,高二3班
星期一,数学,历史,语文,政治,单双周,体育,班会,
星期二,英语,数学,语文,政治,物理,自习,
星期三,数学,语文,语文,英语,物理,体育,历史,
星期四,语文,数学,历史,英语,自习,政治,物理,
星期五,数学,数学,英语,英语,历史,物理,政治,

学号：,338,,班级:,高二9班
星期一,语文,政治,数学,物理,英语,化学,班会,
星期二,语文,物理,数学,数学,单双周,化学,自习,
星期三,数学,英语,语文,语文,体育,物理,政治,
星期四,语文,数学,政治,英语,化学,自习,
星期五,英语,英语,数学,化学,政治,体育,物理,

学号：,339,,班级:,高二6班
星期一,英语,地理,数学,数学,生物,自习,班会,
星期二,语文,语文,政治,数学,体育,生物,
星期三,数学,语文,单双周,英语,政治,生物,地理,
星期四,语文,数学,地理,英语,自习,政治,生物,
星期五,英语,英语,数学,语文,地理,政治,体育,

学号：,340,,班级:,高二2班
星期一,数学,历史,生物,英语,体育,物理,班会,
星期二,数学,数学,语文,语文,自习,生物,
星期三,语文,数学,英语,体育,物理,生物,历史,
星期四,数学,语文,历史,自习,英语,物理,单双周,
星期五,英语,英语,语文,数学,历史,物理,生物,

学号：,341,,班级:,高二10班
星期一,数学,地理,英语,生物,体育,班会,
星期二,语文,语文,数学,英语,物理,生物,自习,
星期三,数学,数学,语文,英语,物理,体育,地理,
星期四,语文,数学,地理,生物,物理,单双周,自习,
星期五,数学,语文,英语,英语,地理,生物,物理,

学号：,342,,班级:,高二2班
星期一,数学,地理,生物,英语,体育,物理,班会,
星期二,数学,数学,语文,语文,自习,生物,
星期三,语文,数学,英语,体育,物理,生物,地理,
星期四,数学,语文,地理,自习,英语,物理,单双周,
星期五,英语,英语,语文,数学,地理,物理,生物,

学号：,343,,班级:,高二4班
星期一,数学,地理,英语,语文,体育,化学,班会,
星期二,英语,英语,数学,数学,化学,生物,
星期三,语文,单双周,英语,数学,生物,自习,地理,
星期四,语文,语文,地理,数学,体育,生物,化学,
星期五,语文,英语,化学,数学,地理,生物,自习,

学号：,344,,班级:,高二3班
星期一,数学,历史,语文,政治,单双周,体育,班会,
星期二,英语,数学,语文,政治,物理,自习,
星期三,数学,语文,语文,英语,物理,体育,历史,
星期四,语文,数学,历史,英语,自习,政治,物理,
星期五,数学,数学,英语,英语,历史,物理,政治,

学号：,345,,班级:,高二9班
星期一,语文,政治,数学,物理,英语,化学,班会,
星期二,语文,物理,数学,数学,单双周,化学,自习,
星期三,数学,英语,语文,语文,体育,物理,政治,
星期四,语文,数学,政治,英语,化学,自习,
星期五,英语,英语,数学,化学,政治,体育,物理,

学号：,346,,班级:,高二9班
星期一,语文,地理,数学,物理,英语,化学,班会,
星期二,语文,物理,数学,数学,单双周,化学,自习,
星期三,数学,英语,语文,语文,体育,物理,地理,
星期四,语文,数学,地理,英语,化学,自习,
星期五,英语,英语,数学,化学,地理,体育,物理,

学号：,347,,班级:,高二3班
星期一,数学,历史,语文,政治,单双周,体育,班会,
星期二,英语,数学,语文,政治,物理,自习,
星期三,数学,语文,语文,英语,物理,体育,历史,
星期四,语文,数学,历史,英语,自习,政治,物理,
星期五,数学,数学,英语,英语,历史,物理,政治,

学号：,348,,班级:,高二9班
星期一,语文,地理,数学,物理,英语,化学,班会,
星期二,语文,物理,数学,数学,单双周,化学,自习,
星期三,数学,英语,语文,语文,体育,物理,地理,
星期四,语文,数学,地理,英语,化学,自习,
星期五,英语,英语,数学,化学,地理,体育,物理,

学号：,349,,班级:,高二8班
星期一,语文,历史,数学,政治,化学,单双周,班会,
星期二,语文,政治,英语,数学,体育,自习,化学,
星期三,英语,英语,语文,语文,数学,政治,历史,
星期四,英语,数学,历史,语文,化学,自习,
星期五,数学,数学,英语,化学,历史,体育,政治,

学号：,350,,班级:,高二8班
星期一,语文,生物,数学,政治,化学,单双周,班会,
星期二,语文,政治,英语,数学,体育,自习,化学,
星期三,英语,英语,语文,语文,数学,政治,生物,
星期四,英语,数学,生物,语文,化学,自习,
星期五,数学,数学,英语,化学,生物,体育,政治,

学号：,351,,班级:,高二10班
星期一,数学,政治,英语,生物,体育,班会,
星期二,语文,语文,数学,英语,物理,生物,自习,
星期三,数学,数学,语文,英语,物理,体育,政治,
星期四,语文,数学,政治,生物,物理,单双周,自习,
星期五,数学,语文,英语,英语,政治,生物,物理,

学号：,352,,班级:,高二9班
星期一,语文,地理,数学,物理,英语,化学,班会,
星期二,语文,物理,数学,数学,单双周,化学,自习,
星期三,数学,英语,语文,语文,体育,物理,地理,
星期四,语文,数学,地理,英语,化学,自习,
星期五,英语,英语,数学,化学,地理,体育,物理,

学号：,353,,班级:,高二9班
星期一,语文,生物,数学,物理,英语,化学,班会,
星期二,语文,物理,数学,数学,单双周,化学,自习,
星期三,数学,英语,语文,语文,体育,物理,生物,
星期四,语文,数学,生物,英语,化学,自习,
星期五,英语,英语,数学,化学,生物,体育,物理,

学号：,354,,班级:,高二7班
星期一,英语,生物,数学,历史,语文,化学,班会,
星期二,语文,历史,英语,数学,化学,自习,体育,
星期三,英语,化学,数学,数学,单双周,历史,生物,
星期四,语文,语文,生物,数学,化学,体育,
星期五,英语,英语,数学,语文,生物,自习,历史,

学号：,355,,班级:,高二9班
星期一,语文,生物,数学,物理,英语,化学,班会,
星期二,语文,物理,数学,数学,单双周,化学,自习,
星期三,数学,英语,语文,语文,体育,物理,生物,
星期四,语文,数学,生物,英语,化学,自习,
星期五,英语,英语,数学,化学,生物,体育,物理,

学号：,356,,班级:,高二7班
星期一,英语,政治,数学,历史,语文,化学,班会,
星期二,语文,历史,英语,数学,化学,自习,体育,
星期三,英语,化学,数学,数学,单双周,历史,政治,
星期四,语文,语文,政治,数学,化学,体育,
星期五,英语,英语,数学,语文,政治,自习,历史,

学号：,357,,班级:,高二8班
星期一,语文,生物,数学,政治,化学,单双周,班会,
星期二,语文,政治,英语,数学,体育,自习,化学,
星期三,英语,英语,语文,语文,数学,政治,生物,
星期四,英语,数学,生物,语文,化学,自习,
星期五,数学,数学,英语,化学,生物,体育,政治,

学号：,358,,班级:,高二2班
星期一,数学,历史,生物,英语,体育,物理,班会,
星期二,数学,数学,语文,语文,自习,生物,
星期三,语文,数学,英语,体育,物理,生物,历史,
星期四,数学,语文,历史,自习,英语,物理,单双周,
星期五,英语,英语,语文,数学,历史,物理,生物,

学号：,359,,班级:,高二10班
星期一,数学,历史,英语,生物,体育,班会,
星期二,语文,语文,数学,英语,物理,生物,自习,
星期三,数学,数学,语文,英语,物理,体育,历史,
星期四,语文,数学,历史,生物,物理,单双周,自习,
星期五,数学,语文,英语,英语,历史,生物,物理,

学号：,360,,班级:,高二6班
星期一,英语,历史,数学,数学,生物,自习,班会,
星期二,语文,语文,政治,数学,体育,生物,
星期三,数学,语文,单双周,英语,政治,生物,历史,
星期四,语文,数学,历史,英语,自习,政治,生物,
星期五,英语,英语,数学,语文,历史,政治,体育,

学号：,361,,班级:,高二10班
星期一,数学,历史,英语,生物,体育,班会,
星期二,语文,语文,数学,英语,物理,生物,自习,
星期三,数学,数学,语文,英语,物理,体育,历史,
星期四,语文,数学,历史,生物,物理,单双周,自习,
星期五,数学,语文,英语,英语,历史,生物,物理,

学号：,362,,班级:,高二5班
星期一,英语,生物,数学,历史,体育,地理,班会,
星期二,英语,英语,数学,语文,地理,历史,
星期三,英语,数学,语文,语文,自习,地理,生物,
星期四,英语,数学,生物,语文,地理,体育,历史,
星期五,单双周,语文,数学,数学,生物,历史,自习,

学号：,363,,班级:,高二10班
星期一,数学,地理,英语,生物,体育,班会,
星期二,语文,语文,数学,英语,物理,生物,自习,
星期三,数学,数学,语文,英语,物理,体育,地理,
星期四,语文,数学,地理,生物,物理,单双周,自习,
星期五,数学,语文,英语,英语,地理,生物,物理,

学号：,364,,班级:,高二10班
星期一,数学,化学,英语,生物,体育,班会,
星期二,语文,语文,数学,英语,物理,生物,自习,
星期三,数学,数学,语文,英语,物理,体育,化学,
星期四,语文,数学,化学,生物,物理,单双周,自习,
星期五,数学,语文,英语,英语,化学,生物,物理,

学号：,365,,班级:,高二8班
星期一,语文,地理,数学,政治,化学,单双周,班会,
星期二,语文,政治,英语,数学,体育,自习,化学,
星期三,英语,英语,语文,语文,数学,政治,地理,
星期四,英语,数学,地理,语文,化学,自习,
星期五,数学,数学,英语,化学,地理,体育,政治,

学号：,366,,班级:,高二1班
星期一,数学,政治,语文,物理,化学,单双周,班会,
星期二,英语,物理,数学,语文,体育,自习,化学,
星期三,英语,语文,语文,数学,化学,物理,政治,
星期四,语文,英语,政治,数学,自习,化学,
星期五,英语,英语,数学,数学,政治,体育,物理,

学号：,367,,班级:,高二9班
星期一,语文,历史,数学,物理,英语,化学,班会,
星期二,语文,物理,数学,数学,单双周,化学,自习,
星期三,数学,英语,语文,语文,体育,物理,历史,
星期四,语文,数学,历史,英语,化学,自习,
星期五,英语,英语,数学,化学,历史,体育,物理,

学号：,368,,班级:,高二5班
星期一,英语,政治,数学,历史,体育,地理,班会,
星期二,英语,英语,数学,语文,地理,历史,
星期三,英语,数学,语文,语文,自习,地理,政治,
星期四,英语,数学,政治,语文,地理,体育,历史,
星期五,单双周,语文,数学,数学,政治,历史,自习,

学号：,369,,班级:,高二3班
星期一,数学,地理,语文,政治,单双周,体育,班会,
星期二,英语,数学,语文,政治,物理,自习,
星期三,数学,语文,语文,英语,物理,体育,地理,
星期四,语文,数学,地理,英语,自习,政治,物理,
星期五,数学,数学,英语,英语,地理,物理,政治,

学号：,370,,班级:,高二10班
星期一,数学,化学,英语,生物,体育,班会,
星期二,语文,语文,数学,英语,物理,生物,自习,
星期三,数学,数学,语文,英语,物理,体育,化学,
星期四,语文,数学,化学,生物,物理,单双周,自习,
星期五,数学,语文,英语,英语,化学,生物,物理,

学号：,371,,班级:,高二1班
星期一,数学,政治,语文,物理,化学,单双周,班会,
星期二,英语,物理,数学,语文,体育,自习,化学,
星期三,英语,语文,语文,数学,化学,物理,政治,
星期四,语文,英语,政治,数学,自习,化学,
星期五,英语,英语,数学,数学,政治,体育,物理,

学号：,372,,班级:,高二10班
星期一,数学,化学,英语,生物,体育,班会,
星期二,语文,语文,数学,英语,物理,生物,自习,
星期三,数学,数学,语文,英语,物理,体育,化学,
星期四,语文,数学,化学,生物,物理,单双周,自习,
星期五,数学,语文,英语,英语,化学,生物,物理,

学号：,373,,班级:,高二5班
星期一,英语,物理,数学,历史,体育,地理,班会,
星期二,英语,英语,数学,语文,地理,历史,
星期三,英语,数学,语文,语文,自习,地理,物理,
星期四,英语,数学,物理,语文,地理,体育,历史,
星期五,单双周,语文,数学,数学,物理,历史,自习,

学号：,374,,班级:,高二3班
星期一,数学,历史,语文,政治,单双周,体育,班会,
星期二,英语,数学,语文,政治,物理,自习,
星期三,数学,语文,语文,英语,物理,体育,历史,
星期四,语文,数学,历史,英语,自习,政治,物理,
星期五,数学,数学,英语,英语,历史,物理,政治,

学号：,375,,班级:,高二1班
星期一,数学,地理,语文,物理,化学,单双周,班会,
星期二,英语,物理,数学,语文,体育,自习,化学,
星期三,英语,语文,语文,数学,化学,物理,地理,
星期四,语文,英语,地理,数学,自习,化学,
星期五,英语,英语,数学,数学,地理,体育,物理,

学号：,376,,班级:,高二7班
星期一,英语,政治,数学,历史,语文,化学,班会,
星期二,语文,历史,英语,数学,化学,自习,体育,
星期三,英语,化学,数学,数学,单双周,历史,政治,
星期四,语文,语文,政治,数学,化学,体育,
星期五,英语,英语,数学,语文,政治,自习,历史,

学号：,377,,班级:,高二10班
星期一,数学,地理,英语,生物,体育,班会,
星期二,语文,语文,数学,英语,物理,生物,自习,
星期三,数学,数学,语文,英语,物理,体育,地理,
星期四,语文,数学,地理,生物,物理,单双周,自习,
星期五,数学,语文,英语,英语,地理,生物,物理,

学号：,378,,班级:,高二9班
星期一,语文,政治,数学,物理,英语,化学,班会,
星期二,语文,物理,数学,数学,单双周,化学,自习,
星期三,数学,英语,语文,语文,体育,物理,政治,
星期四,语文,数学,政治,英语,化学,自习,
星期五,英语,英语,数学,化学,政治,体育,物理,

学号：,379,,班级:,高二4班
星期一,数学,地理,英语,语文,体育,化学,班会,
星期二,英语,英语,数学,数学,化学,生物,
星期三,语文,单双周,英语,数学,生物,自习,地理,
星期四,语文,语文,地理,数学,体育,生物,化学,
星期五,语文,英语,化学,数学,地理,生物,自习,

学号：,380,,班级:,高二10班
星期一,数学,历史,英语,生物,体育,班会,
星期二,语文,语文,数学,英语,物理,生物,自习,
星期三,数学,数学,语文,英语,物理,体育,历史,
星期四,语文,数学,历史,生物,物理,单双周,自习,
星期五,数学,语文,英语,英语,历史,生物,物理,

学号：,381,,班级:,高二7班
星期一,英语,物理,数学,历史,语文,化学,班会,
星期二,语文,历史,英语,数学,化学,自习,体育,
星期三,英语,化学,数学,数学,单双周,历史,物理,
星期四,语文,语文,物理,数学,化学,体育,
星期五,英语,英语,数学,语文,物理,自习,历史,

学号：,382,,班级:,高二10班
星期一,数学,历史,英语,生物,体育,班会,
星期二,语文,语文,数学,英语,物理,生物,自习,
星期三,数学,数学,语文,英语,物理,体育,历史,
星期四,语文,数学,历史,生物,物理,单双周,自习,
星期五,数学,语文,英语,英语,历史,生物,物理,

学号：,383,,班级:,高二5班
星期一,英语,物理,数学,历史,体育,地理,班会,
星期二,英语,英语,数学,语文,地理,历史,
星期三,英语,数学,语文,语文,自习,地理,物理,
星期四,英语,数学,物理,语文,地理,体育,历史,
星期五,单双周,语文,数学,数学,物理,历史,自习,

学号：,384,,班级:,高二8班
星期一,语文,生物,数学,政治,化学,单双周,班会,
星期二,语文,政治,英语,数学,体育,自习,化学,
星期三,英语,英语,语文,语文,数学,政治,生物,
星期四,英语,数学,生物,语文,化学,自习,
星期五,数学,数学,英语,化学,生物,体育,政治,

学号：,385,,班级:,高二6班
星期一,英语,地理,数学,数学,生物,自习,班会,
星期二,语文,语文,政治,数学,体育,生物,
星期三,数学,语文,单双周,英语,政治,生物,地理,
星期四,语文,数学,地理,英语,自习,政治,生物,
星期五,英语,英语,数学,语文,地理,政治,体育,

学号：,386,,班级:,高二3班
星期一,数学,地理,语文,政治,单双周,体育,班会,
星期二,英语,数学,语文,政治,物理,自习,
星期三,数学,语文,语文,英语,物理,体育,地理,
星期四,语文,数学,地理,英语,自习,政治,物理,
星期五,数学,数学,英语,英语,地理,物理,政治,

学号：,387,,班级:,高二5班
星期一,英语,化学,数学,历史,体育,地理,班会,
星期二,英语,英语,数学,语文,地理,历史,
星期三,英语,数学,语文,语文,自习,地理,化学,
星期四,英语,数学,化学,语文,地理,体育,历史,
星期五,单双周,语文,数学,数学,化学,历史,自习,

学号：,388,,班级:,高二9班
星期一,语文,历史,数学,物理,英语,化学,班会,
星期二,语文,物理,数学,数学,单双周,化学,自习,
星期三,数学,英语,语文,语文,体育,物理,历史,
星期四,语文,数学,历史,英语,化学,自习,
星期五,英语,英语,数学,化学,历史,体育,物理,

学号：,389,,班级:,高二10班
星期一,数学,化学,英语,生物,体育,班会,
星期二,语文,语文,数学,英语,物理,生物,自习,
星期三,数学,数学,语文,英语,物理,体育,化学,
星期四,语文,数学,化学,生物,物理,单双周,自习,
星期五,数学,语文,英语,英语,化学,生物,物理,

学号：,390,,班级:,高二1班
星期一,数学,政治,语文,物理,化学,单双周,班会,
星期二,英语,物理,数学,语文,体育,自习,化学,
星期三,英语,语文,语文,数学,化学,物理,政治,
星期四,语文,英语,政治,数学,自习,化学,
星期五,英语,英语,数学,数学,政治,体育,物理,

学号：,391,,班级:,高二7班
星期一,英语,生物,数学,历史,语文,化学,班会,
星期二,语文,历史,英语,数学,化学,自习,体育,
星期三,英语,化学,数学,数学,单双周,历史,生物,
星期四,语文,语文,生物,数学,化学,体育,
星期五,英语,英语,数学,语文,生物,自习,历史,

学号：,392,,班级:,高二4班
星期一,数学,地理,英语,语文,体育,化学,班会,
星期二,英语,英语,数学,数学,化学,生物,
星期三,语文,单双周,英语,数学,生物,自习,地理,
星期四,语文,语文,地理,数学,体育,生物,化学,
星期五,语文,英语,化学,数学,地理,生物,自习,

学号：,393,,班级:,高二9班
星期一,语文,地理,数学,物理,英语,化学,班会,
星期二,语文,物理,数学,数学,单双周,化学,自习,
星期三,数学,英语,语文,语文,体育,物理,地理,
星期四,语文,数学,地理,英语,化学,自习,
星期五,英语,英语,数学,化学,地理,体育,物理,

学号：,394,,班级:,高二8班
星期一,语文,生物,数学,政治,化学,单双周,班会,
星期二,语文,政治,英语,数学,体育,自习,化学,
星期三,英语,英语,语文,语文,数学,政治,生物,
星期四,英语,数学,生物,语文,化学,自习,
星期五,数学,数学,英语,化学,生物,体育,政治,

学号：,395,,班级:,高二5班
星期一,英语,化学,数学,历史,体育,地理,班会,
星期二,英语,英语,数学,语文,地理,历史,
星期三,英语,数学,语文,语文,自习,地理,化学,
星期四,英语,数学,化学,语文,地理,体育,历史,
星期五,单双周,语文,数学,数学,化学,历史,自习,

学号：,396,,班级:,高二1班
星期一,数学,政治,语文,物理,化学,单双周,班会,
星期二,英语,物理,数学,语文,体育,自习,化学,
星期三,英语,语文,语文,数学,化学,物理,政治,
星期四,语文,英语,政治,数学,自习,化学,
星期五,英语,英语,数学,数学,政治,体育,物理,

学号：,397,,班级:,高二10班
星期一,数学,政治,英语,生物,体育,班会,
星期二,语文,语文,数学,英语,物理,生物,自习,
星期三,数学,数学,语文,英语,物理,体育,政治,
星期四,语文,数学,政治,生物,物理,单双周,自习,
星期五,数学,语文,英语,英语,政治,生物,物理,

学号：,398,,班级:,高二10班
星期一,数学,政治,英语,生物,体育,班会,
星期二,语文,语文,数学,英语,物理,生物,自习,
星期三,数学,数学,语文,英语,物理,体育,政治,
星期四,语文,数学,政治,生物,物理,单双周,自习,
星期五,数学,语文,英语,英语,政治,生物,物理,

学号：,399,,班级:,高二10班
星期一,数学,化学,英语,生物,体育,班会,
星期二,语文,语文,数学,英语,物理,生物,自习,
星期三,数学,数学,语文,英语,物理,体育,化学,
星期四,语文,数学,化学,生物,物理,单双周,自习,
星期五,数学,语文,英语,英语,化学,生物,物理,

学号：,400,,班级:,高二3班
星期一,数学,历史,语文,政治,单双周,体育,班会,
星期二,英语,数学,语文,政治,物理,自习,
星期三,数学,语文,语文,英语,物理,体育,历史,
星期四,语文,数学,历史,英语,自习,政治,物理,
星期五,数学,数学,英语,英语,历史,物理,政治,

学号：,516,,班级:,高二5班
星期一,英语,生物,数学,历史,体育,地理,班会,
星期二,英语,英语,数学,语文,地理,历史,
星期三,英语,数学,语文,语文,自习,地理,生物,
星期四,英语,数学,生物,语文,地理,体育,历史,
星期五,单双周,语文,数学,数学,生物,历史,自习,

学号：,401,,班级:,高二13班
星期一,数学,物理,化学,历史,英语,单双周,班会,
星期二,语文,历史,数学,英语,自习,化学,体育,
星期三,语文,语文,数学,数学,历史,物理,
星期四,数学,语文,物理,英语,化学,自习,体育,
星期五,语文,数学,英语,英语,物理,化学,历史,

学号：,402,,班级:,高二11班
星期一,数学,历史,政治,化学,英语,自习,班会,
星期二,数学,化学,语文,语文,体育,政治,
星期三,数学,语文,英语,英语,政治,化学,历史,
星期四,数学,语文,历史,英语,自习,体育,单双周,
星期五,数学,数学,语文,英语,历史,政治,化学,

学号：,403,,班级:,高二11班
星期一,数学,历史,政治,生物,英语,自习,班会,
星期二,数学,生物,语文,语文,体育,政治,
星期三,数学,语文,英语,英语,政治,生物,历史,
星期四,数学,语文,历史,英语,自习,体育,单双周,
星期五,数学,数学,语文,英语,历史,政治,生物,

学号：,404,,班级:,高二11班
星期一,数学,地理,政治,化学,英语,自习,班会,
星期二,数学,化学,语文,语文,体育,政治,
星期三,数学,语文,英语,英语,政治,化学,地理,
星期四,数学,语文,地理,英语,自习,体育,单双周,
星期五,数学,数学,语文,英语,地理,政治,化学,

学号：,405,,班级:,高二11班
星期一,数学,物理,政治,生物,英语,自习,班会,
星期二,数学,生物,语文,语文,体育,政治,
星期三,数学,语文,英语,英语,政治,生物,物理,
星期四,数学,语文,物理,英语,自习,体育,单双周,
星期五,数学,数学,语文,英语,物理,政治,生物,

学号：,406,,班级:,高二12班
星期一,英语,历史,数学,生物,语文,物理,班会,
星期二,数学,生物,英语,英语,体育,自习,
星期三,数学,数学,语文,语文,物理,生物,历史,
星期四,语文,数学,历史,英语,体育,自习,物理,
星期五,数学,语文,英语,单双周,历史,物理,生物,

学号：,407,,班级:,高二12班
星期一,英语,历史,数学,生物,语文,物理,班会,
星期二,数学,生物,英语,英语,体育,自习,
星期三,数学,数学,语文,语文,物理,生物,历史,
星期四,语文,数学,历史,英语,体育,自习,物理,
星期五,数学,语文,英语,单双周,历史,物理,生物,

学号：,408,,班级:,高二13班
星期一,数学,历史,化学,地理,英语,单双周,班会,
星期二,语文,地理,数学,英语,自习,化学,体育,
星期三,语文,语文,数学,数学,地理,历史,
星期四,数学,语文,历史,英语,化学,自习,体育,
星期五,语文,数学,英语,英语,历史,化学,地理,

学号：,409,,班级:,高二11班
星期一,数学,历史,政治,化学,英语,自习,班会,
星期二,数学,化学,语文,语文,体育,政治,
星期三,数学,语文,英语,英语,政治,化学,历史,
星期四,数学,语文,历史,英语,自习,体育,单双周,
星期五,数学,数学,语文,英语,历史,政治,化学,

学号：,410,,班级:,高二13班
星期一,数学,物理,化学,生物,英语,单双周,班会,
星期二,语文,生物,数学,英语,自习,化学,体育,
星期三,语文,语文,数学,数学,生物,物理,
星期四,数学,语文,物理,英语,化学,自习,体育,
星期五,语文,数学,英语,英语,物理,化学,生物,

学号：,411,,班级:,高二11班
星期一,数学,生物,政治,化学,英语,自习,班会,
星期二,数学,化学,语文,语文,体育,政治,
星期三,数学,语文,英语,英语,政治,化学,生物,
星期四,数学,语文,生物,英语,自习,体育,单双周,
星期五,数学,数学,语文,英语,生物,政治,化学,

学号：,412,,班级:,高二13班
星期一,数学,物理,化学,生物,英语,单双周,班会,
星期二,语文,生物,数学,英语,自习,化学,体育,
星期三,语文,语文,数学,数学,生物,物理,
星期四,数学,语文,物理,英语,化学,自习,体育,
星期五,语文,数学,英语,英语,物理,化学,生物,

学号：,413,,班级:,高二13班
星期一,数学,生物,化学,地理,英语,单双周,班会,
星期二,语文,地理,数学,英语,自习,化学,体育,
星期三,语文,语文,数学,数学,地理,生物,
星期四,数学,语文,生物,英语,化学,自习,体育,
星期五,语文,数学,英语,英语,生物,化学,地理,

学号：,414,,班级:,高二12班
星期一,英语,历史,数学,地理,语文,物理,班会,
星期二,数学,地理,英语,英语,体育,自习,
星期三,数学,数学,语文,语文,物理,地理,历史,
星期四,语文,数学,历史,英语,体育,自习,物理,
星期五,数学,语文,英语,单双周,历史,物理,地理,

学号：,415,,班级:,高二12班
星期一,英语,生物,数学,化学,语文,物理,班会,
星期二,数学,化学,英语,英语,体育,自习,
星期三,数学,数学,语文,语文,物理,化学,生物,
星期四,语文,数学,生物,英语,体育,自习,物理,
星期五,数学,语文,英语,单双周,生物,物理,化学,

学号：,416,,班级:,高二12班
星期一,英语,历史,数学,生物,语文,物理,班会,
星期二,数学,生物,英语,英语,体育,自习,
星期三,数学,数学,语文,语文,物理,生物,历史,
星期四,语文,数学,历史,英语,体育,自习,物理,
星期五,数学,语文,英语,单双周,历史,物理,生物,

学号：,417,,班级:,高二12班
星期一,英语,历史,数学,生物,语文,物理,班会,
星期二,数学,生物,英语,英语,体育,自习,
星期三,数学,数学,语文,语文,物理,生物,历史,
星期四,语文,数学,历史,英语,体育,自习,物理,
星期五,数学,语文,英语,单双周,历史,物理,生物,

学号：,418,,班级:,高二11班
星期一,数学,生物,政治,地理,英语,自习,班会,
星期二,数学,地理,语文,语文,体育,政治,
星期三,数学,语文,英语,英语,政治,地理,生物,
星期四,数学,语文,生物,英语,自习,体育,单双周,
星期五,数学,数学,语文,英语,生物,政治,地理,

学号：,419,,班级:,高二11班
星期一,数学,生物,政治,化学,英语,自习,班会,
星期二,数学,化学,语文,语文,体育,政治,
星期三,数学,语文,英语,英语,政治,化学,生物,
星期四,数学,语文,生物,英语,自习,体育,单双周,
星期五,数学,数学,语文,英语,生物,政治,化学,

学号：,420,,班级:,高二11班
星期一,数学,物理,政治,生物,英语,自习,班会,
星期二,数学,生物,语文,语文,体育,政治,
星期三,数学,语文,英语,英语,政治,生物,物理,
星期四,数学,语文,物理,英语,自习,体育,单双周,
星期五,数学,数学,语文,英语,物理,政治,生物,

学号：,421,,班级:,高二11班
星期一,数学,物理,政治,生物,英语,自习,班会,
星期二,数学,生物,语文,语文,体育,政治,
星期三,数学,语文,英语,英语,政治,生物,物理,
星期四,数学,语文,物理,英语,自习,体育,单双周,
星期五,数学,数学,语文,英语,物理,政治,生物,

学号：,422,,班级:,高二11班
星期一,数学,物理,政治,化学,英语,自习,班会,
星期二,数学,化学,语文,语文,体育,政治,
星期三,数学,语文,英语,英语,政治,化学,物理,
星期四,数学,语文,物理,英语,自习,体育,单双周,
星期五,数学,数学,语文,英语,物理,政治,化学,

学号：,423,,班级:,高二13班
星期一,数学,政治,化学,历史,英语,单双周,班会,
星期二,语文,历史,数学,英语,自习,化学,体育,
星期三,语文,语文,数学,数学,历史,政治,
星期四,数学,语文,政治,英语,化学,自习,体育,
星期五,语文,数学,英语,英语,政治,化学,历史,

学号：,424,,班级:,高二13班
星期一,数学,政治,化学,物理,英语,单双周,班会,
星期二,语文,物理,数学,英语,自习,化学,体育,
星期三,语文,语文,数学,数学,物理,政治,
星期四,数学,语文,政治,英语,化学,自习,体育,
星期五,语文,数学,英语,英语,政治,化学,物理,

学号：,425,,班级:,高二11班
星期一,数学,物理,政治,化学,英语,自习,班会,
星期二,数学,化学,语文,语文,体育,政治,
星期三,数学,语文,英语,英语,政治,化学,物理,
星期四,数学,语文,物理,英语,自习,体育,单双周,
星期五,数学,数学,语文,英语,物理,政治,化学,

学号：,426,,班级:,高二11班
星期一,数学,生物,政治,地理,英语,自习,班会,
星期二,数学,地理,语文,语文,体育,政治,
星期三,数学,语文,英语,英语,政治,地理,生物,
星期四,数学,语文,生物,英语,自习,体育,单双周,
星期五,数学,数学,语文,英语,生物,政治,地理,

学号：,427,,班级:,高二11班
星期一,数学,地理,政治,化学,英语,自习,班会,
星期二,数学,化学,语文,语文,体育,政治,
星期三,数学,语文,英语,英语,政治,化学,地理,
星期四,数学,语文,地理,英语,自习,体育,单双周,
星期五,数学,数学,语文,英语,地理,政治,化学,

学号：,428,,班级:,高二12班
星期一,英语,政治,数学,地理,语文,物理,班会,
星期二,数学,地理,英语,英语,体育,自习,
星期三,数学,数学,语文,语文,物理,地理,政治,
星期四,语文,数学,政治,英语,体育,自习,物理,
星期五,数学,语文,英语,单双周,政治,物理,地理,

学号：,429,,班级:,高二12班
星期一,英语,政治,数学,化学,语文,物理,班会,
星期二,数学,化学,英语,英语,体育,自习,
星期三,数学,数学,语文,语文,物理,化学,政治,
星期四,语文,数学,政治,英语,体育,自习,物理,
星期五,数学,语文,英语,单双周,政治,物理,化学,

学号：,430,,班级:,高二13班
星期一,数学,物理,化学,生物,英语,单双周,班会,
星期二,语文,生物,数学,英语,自习,化学,体育,
星期三,语文,语文,数学,数学,生物,物理,
星期四,数学,语文,物理,英语,化学,自习,体育,
星期五,语文,数学,英语,英语,物理,化学,生物,

学号：,431,,班级:,高二11班
星期一,数学,物理,政治,地理,英语,自习,班会,
星期二,数学,地理,语文,语文,体育,政治,
星期三,数学,语文,英语,英语,政治,地理,物理,
星期四,数学,语文,物理,英语,自习,体育,单双周,
星期五,数学,数学,语文,英语,物理,政治,地理,

学号：,432,,班级:,高二13班
星期一,数学,历史,化学,地理,英语,单双周,班会,
星期二,语文,地理,数学,英语,自习,化学,体育,
星期三,语文,语文,数学,数学,地理,历史,
星期四,数学,语文,历史,英语,化学,自习,体育,
星期五,语文,数学,英语,英语,历史,化学,地理,

学号：,433,,班级:,高二13班
星期一,数学,历史,化学,生物,英语,单双周,班会,
星期二,语文,生物,数学,英语,自习,化学,体育,
星期三,语文,语文,数学,数学,生物,历史,
星期四,数学,语文,历史,英语,化学,自习,体育,
星期五,语文,数学,英语,英语,历史,化学,生物,

学号：,434,,班级:,高二13班
星期一,数学,历史,化学,生物,英语,单双周,班会,
星期二,语文,生物,数学,英语,自习,化学,体育,
星期三,语文,语文,数学,数学,生物,历史,
星期四,数学,语文,历史,英语,化学,自习,体育,
星期五,语文,数学,英语,英语,历史,化学,生物,

学号：,435,,班级:,高二13班
星期一,数学,物理,化学,政治,英语,单双周,班会,
星期二,语文,政治,数学,英语,自习,化学,体育,
星期三,语文,语文,数学,数学,政治,物理,
星期四,数学,语文,物理,英语,化学,自习,体育,
星期五,语文,数学,英语,英语,物理,化学,政治,

学号：,436,,班级:,高二12班
星期一,英语,政治,数学,地理,语文,物理,班会,
星期二,数学,地理,英语,英语,体育,自习,
星期三,数学,数学,语文,语文,物理,地理,政治,
星期四,语文,数学,政治,英语,体育,自习,物理,
星期五,数学,语文,英语,单双周,政治,物理,地理,

学号：,437,,班级:,高二11班
星期一,数学,历史,政治,地理,英语,自习,班会,
星期二,数学,地理,语文,语文,体育,政治,
星期三,数学,语文,英语,英语,政治,地理,历史,
星期四,数学,语文,历史,英语,自习,体育,单双周,
星期五,数学,数学,语文,英语,历史,政治,地理,

学号：,438,,班级:,高二11班
星期一,数学,历史,政治,生物,英语,自习,班会,
星期二,数学,生物,语文,语文,体育,政治,
星期三,数学,语文,英语,英语,政治,生物,历史,
星期四,数学,语文,历史,英语,自习,体育,单双周,
星期五,数学,数学,语文,英语,历史,政治,生物,

学号：,439,,班级:,高二13班
星期一,数学,历史,化学,生物,英语,单双周,班会,
星期二,语文,生物,数学,英语,自习,化学,体育,
星期三,语文,语文,数学,数学,生物,历史,
星期四,数学,语文,历史,英语,化学,自习,体育,
星期五,语文,数学,英语,英语,历史,化学,生物,

学号：,440,,班级:,高二13班
星期一,数学,政治,化学,历史,英语,单双周,班会,
星期二,语文,历史,数学,英语,自习,化学,体育,
星期三,语文,语文,数学,数学,历史,政治,
星期四,数学,语文,政治,英语,化学,自习,体育,
星期五,语文,数学,英语,英语,政治,化学,历史,

学号：,441,,班级:,高二11班
星期一,数学,历史,政治,生物,英语,自习,班会,
星期二,数学,生物,语文,语文,体育,政治,
星期三,数学,语文,英语,英语,政治,生物,历史,
星期四,数学,语文,历史,英语,自习,体育,单双周,
星期五,数学,数学,语文,英语,历史,政治,生物,

学号：,442,,班级:,高二12班
星期一,英语,历史,数学,地理,语文,物理,班会,
星期二,数学,地理,英语,英语,体育,自习,
星期三,数学,数学,语文,语文,物理,地理,历史,
星期四,语文,数学,历史,英语,体育,自习,物理,
星期五,数学,语文,英语,单双周,历史,物理,地理,

学号：,443,,班级:,高二11班
星期一,数学,物理,政治,化学,英语,自习,班会,
星期二,数学,化学,语文,语文,体育,政治,
星期三,数学,语文,英语,英语,政治,化学,物理,
星期四,数学,语文,物理,英语,自习,体育,单双周,
星期五,数学,数学,语文,英语,物理,政治,化学,

学号：,444,,班级:,高二11班
星期一,数学,物理,政治,地理,英语,自习,班会,
星期二,数学,地理,语文,语文,体育,政治,
星期三,数学,语文,英语,英语,政治,地理,物理,
星期四,数学,语文,物理,英语,自习,体育,单双周,
星期五,数学,数学,语文,英语,物理,政治,地理,

学号：,445,,班级:,高二13班
星期一,数学,政治,化学,地理,英语,单双周,班会,
星期二,语文,地理,数学,英语,自习,化学,体育,
星期三,语文,语文,数学,数学,地理,政治,
星期四,数学,语文,政治,英语,化学,自习,体育,
星期五,语文,数学,英语,英语,政治,化学,地理,

学号：,446,,班级:,高二12班
星期一,英语,生物,数学,化学,语文,物理,班会,
星期二,数学,化学,英语,英语,体育,自习,
星期三,数学,数学,语文,语文,物理,化学,生物,
星期四,语文,数学,生物,英语,体育,自习,物理,
星期五,数学,语文,英语,单双周,生物,物理,化学,

学号：,447,,班级:,高二13班
星期一,数学,历史,化学,地理,英语,单双周,班会,
星期二,语文,地理,数学,英语,自习,化学,体育,
星期三,语文,语文,数学,数学,地理,历史,
星期四,数学,语文,历史,英语,化学,自习,体育,
星期五,语文,数学,英语,英语,历史,化学,地理,

学号：,448,,班级:,高二11班
星期一,数学,生物,政治,地理,英语,自习,班会,
星期二,数学,地理,语文,语文,体育,政治,
星期三,数学,语文,英语,英语,政治,地理,生物,
星期四,数学,语文,生物,英语,自习,体育,单双周,
星期五,数学,数学,语文,英语,生物,政治,地理,

学号：,449,,班级:,高二12班
星期一,英语,历史,数学,化学,语文,物理,班会,
星期二,数学,化学,英语,英语,体育,自习,
星期三,数学,数学,语文,语文,物理,化学,历史,
星期四,语文,数学,历史,英语,体育,自习,物理,
星期五,数学,语文,英语,单双周,历史,物理,化学,

学号：,450,,班级:,高二13班
星期一,数学,历史,化学,物理,英语,单双周,班会,
星期二,语文,物理,数学,英语,自习,化学,体育,
星期三,语文,语文,数学,数学,物理,历史,
星期四,数学,语文,历史,英语,化学,自习,体育,
星期五,语文,数学,英语,英语,历史,化学,物理,

学号：,451,,班级:,高二11班
星期一,数学,物理,政治,地理,英语,自习,班会,
星期二,数学,地理,语文,语文,体育,政治,
星期三,数学,语文,英语,英语,政治,地理,物理,
星期四,数学,语文,物理,英语,自习,体育,单双周,
星期五,数学,数学,语文,英语,物理,政治,地理,

学号：,452,,班级:,高二12班
星期一,英语,历史,数学,生物,语文,物理,班会,
星期二,数学,生物,英语,英语,体育,自习,
星期三,数学,数学,语文,语文,物理,生物,历史,
星期四,语文,数学,历史,英语,体育,自习,物理,
星期五,数学,语文,英语,单双周,历史,物理,生物,

学号：,453,,班级:,高二11班
星期一,数学,地理,政治,化学,英语,自习,班会,
星期二,数学,化学,语文,语文,体育,政治,
星期三,数学,语文,英语,英语,政治,化学,地理,
星期四,数学,语文,地理,英语,自习,体育,单双周,
星期五,数学,数学,语文,英语,地理,政治,化学,

学号：,454,,班级:,高二13班
星期一,数学,生物,化学,地理,英语,单双周,班会,
星期二,语文,地理,数学,英语,自习,化学,体育,
星期三,语文,语文,数学,数学,地理,生物,
星期四,数学,语文,生物,英语,化学,自习,体育,
星期五,语文,数学,英语,英语,生物,化学,地理,

学号：,455,,班级:,高二12班
星期一,英语,政治,数学,化学,语文,物理,班会,
星期二,数学,化学,英语,英语,体育,自习,
星期三,数学,数学,语文,语文,物理,化学,政治,
星期四,语文,数学,政治,英语,体育,自习,物理,
星期五,数学,语文,英语,单双周,政治,物理,化学,

学号：,456,,班级:,高二13班
星期一,数学,历史,化学,生物,英语,单双周,班会,
星期二,语文,生物,数学,英语,自习,化学,体育,
星期三,语文,语文,数学,数学,生物,历史,
星期四,数学,语文,历史,英语,化学,自习,体育,
星期五,语文,数学,英语,英语,历史,化学,生物,

学号：,457,,班级:,高二11班
星期一,数学,生物,政治,地理,英语,自习,班会,
星期二,数学,地理,语文,语文,体育,政治,
星期三,数学,语文,英语,英语,政治,地理,生物,
星期四,数学,语文,生物,英语,自习,体育,单双周,
星期五,数学,数学,语文,英语,生物,政治,地理,

学号：,458,,班级:,高二12班
星期一,英语,历史,数学,生物,语文,物理,班会,
星期二,数学,生物,英语,英语,体育,自习,
星期三,数学,数学,语文,语文,物理,生物,历史,
星期四,语文,数学,历史,英语,体育,自习,物理,
星期五,数学,语文,英语,单双周,历史,物理,生物,

学号：,459,,班级:,高二12班
星期一,英语,地理,数学,化学,语文,物理,班会,
星期二,数学,化学,英语,英语,体育,自习,
星期三,数学,数学,语文,语文,物理,化学,地理,
星期四,语文,数学,地理,英语,体育,自习,物理,
星期五,数学,语文,英语,单双周,地理,物理,化学,

学号：,460,,班级:,高二11班
星期一,数学,历史,政治,地理,英语,自习,班会,
星期二,数学,地理,语文,语文,体育,政治,
星期三,数学,语文,英语,英语,政治,地理,历史,
星期四,数学,语文,历史,英语,自习,体育,单双周,
星期五,数学,数学,语文,英语,历史,政治,地理,

学号：,461,,班级:,高二13班
星期一,数学,历史,化学,地理,英语,单双周,班会,
星期二,语文,地理,数学,英语,自习,化学,体育,
星期三,语文,语文,数学,数学,地理,历史,
星期四,数学,语文,历史,英语,化学,自习,体育,
星期五,语文,数学,英语,英语,历史,化学,地理,

学号：,462,,班级:,高二11班
星期一,数学,物理,政治,地理,英语,自习,班会,
星期二,数学,地理,语文,语文,体育,政治,
星期三,数学,语文,英语,英语,政治,地理,物理,
星期四,数学,语文,物理,英语,自习,体育,单双周,
星期五,数学,数学,语文,英语,物理,政治,地理,

学号：,463,,班级:,高二13班
星期一,数学,历史,化学,生物,英语,单双周,班会,
星期二,语文,生物,数学,英语,自习,化学,体育,
星期三,语文,语文,数学,数学,生物,历史,
星期四,数学,语文,历史,英语,化学,自习,体育,
星期五,语文,数学,英语,英语,历史,化学,生物,

学号：,464,,班级:,高二13班
星期一,数学,政治,化学,物理,英语,单双周,班会,
星期二,语文,物理,数学,英语,自习,化学,体育,
星期三,语文,语文,数学,数学,物理,政治,
星期四,数学,语文,政治,英语,化学,自习,体育,
星期五,语文,数学,英语,英语,政治,化学,物理,

学号：,465,,班级:,高二12班
星期一,英语,历史,数学,生物,语文,物理,班会,
星期二,数学,生物,英语,英语,体育,自习,
星期三,数学,数学,语文,语文,物理,生物,历史,
星期四,语文,数学,历史,英语,体育,自习,物理,
星期五,数学,语文,英语,单双周,历史,物理,生物,

学号：,466,,班级:,高二11班
星期一,数学,历史,政治,生物,英语,自习,班会,
星期二,数学,生物,语文,语文,体育,政治,
星期三,数学,语文,英语,英语,政治,生物,历史,
星期四,数学,语文,历史,英语,自习,体育,单双周,
星期五,数学,数学,语文,英语,历史,政治,生物,

学号：,467,,班级:,高二11班
星期一,数学,物理,政治,化学,英语,自习,班会,
星期二,数学,化学,语文,语文,体育,政治,
星期三,数学,语文,英语,英语,政治,化学,物理,
星期四,数学,语文,物理,英语,自习,体育,单双周,
星期五,数学,数学,语文,英语,物理,政治,化学,

学号：,468,,班级:,高二13班
星期一,数学,历史,化学,生物,英语,单双周,班会,
星期二,语文,生物,数学,英语,自习,化学,体育,
星期三,语文,语文,数学,数学,生物,历史,
星期四,数学,语文,历史,英语,化学,自习,体育,
星期五,语文,数学,英语,英语,历史,化学,生物,

学号：,469,,班级:,高二12班
星期一,英语,历史,数学,政治,语文,物理,班会,
星期二,数学,政治,英语,英语,体育,自习,
星期三,数学,数学,语文,语文,物理,政治,历史,
星期四,语文,数学,历史,英语,体育,自习,物理,
星期五,数学,语文,英语,单双周,历史,物理,政治,

学号：,470,,班级:,高二13班
星期一,数学,物理,化学,生物,英语,单双周,班会,
星期二,语文,生物,数学,英语,自习,化学,体育,
星期三,语文,语文,数学,数学,生物,物理,
星期四,数学,语文,物理,英语,化学,自习,体育,
星期五,语文,数学,英语,英语,物理,化学,生物,

学号：,471,,班级:,高二11班
星期一,数学,历史,政治,物理,英语,自习,班会,
星期二,数学,物理,语文,语文,体育,政治,
星期三,数学,语文,英语,英语,政治,物理,历史,
星期四,数学,语文,历史,英语,自习,体育,单双周,
星期五,数学,数学,语文,英语,历史,政治,物理,

学号：,472,,班级:,高二12班
星期一,英语,生物,数学,地理,语文,物理,班会,
星期二,数学,地理,英语,英语,体育,自习,
星期三,数学,数学,语文,语文,物理,地理,生物,
星期四,语文,数学,生物,英语,体育,自习,物理,
星期五,数学,语文,英语,单双周,生物,物理,地理,

学号：,473,,班级:,高二13班
星期一,数学,政治,化学,地理,英语,单双周,班会,
星期二,语文,地理,数学,英语,自习,化学,体育,
星期三,语文,语文,数学,数学,地理,政治,
星期四,数学,语文,政治,英语,化学,自习,体育,
星期五,语文,数学,英语,英语,政治,化学,地理,

学号：,474,,班级:,高二12班
星期一,英语,历史,数学,化学,语文,物理,班会,
星期二,数学,化学,英语,英语,体育,自习,
星期三,数学,数学,语文,语文,物理,化学,历史,
星期四,语文,数学,历史,英语,体育,自习,物理,
星期五,数学,语文,英语,单双周,历史,物理,化学,

学号：,475,,班级:,高二12班
星期一,英语,历史,数学,生物,语文,物理,班会,
星期二,数学,生物,英语,英语,体育,自习,
星期三,数学,数学,语文,语文,物理,生物,历史,
星期四,语文,数学,历史,英语,体育,自习,物理,
星期五,数学,语文,英语,单双周,历史,物理,生物,

学号：,476,,班级:,高二11班
星期一,数学,生物,政治,地理,英语,自习,班会,
星期二,数学,地理,语文,语文,体育,政治,
星期三,数学,语文,英语,英语,政治,地理,生物,
星期四,数学,语文,生物,英语,自习,体育,单双周,
星期五,数学,数学,语文,英语,生物,政治,地理,

学号：,477,,班级:,高二13班
星期一,数学,物理,化学,生物,英语,单双周,班会,
星期二,语文,生物,数学,英语,自习,化学,体育,
星期三,语文,语文,数学,数学,生物,物理,
星期四,数学,语文,物理,英语,化学,自习,体育,
星期五,语文,数学,英语,英语,物理,化学,生物,

学号：,478,,班级:,高二11班
星期一,数学,历史,政治,生物,英语,自习,班会,
星期二,数学,生物,语文,语文,体育,政治,
星期三,数学,语文,英语,英语,政治,生物,历史,
星期四,数学,语文,历史,英语,自习,体育,单双周,
星期五,数学,数学,语文,英语,历史,政治,生物,

学号：,479,,班级:,高二12班
星期一,英语,生物,数学,化学,语文,物理,班会,
星期二,数学,化学,英语,英语,体育,自习,
星期三,数学,数学,语文,语文,物理,化学,生物,
星期四,语文,数学,生物,英语,体育,自习,物理,
星期五,数学,语文,英语,单双周,生物,物理,化学,

学号：,480,,班级:,高二13班
星期一,数学,物理,化学,生物,英语,单双周,班会,
星期二,语文,生物,数学,英语,自习,化学,体育,
星期三,语文,语文,数学,数学,生物,物理,
星期四,数学,语文,物理,英语,化学,自习,体育,
星期五,语文,数学,英语,英语,物理,化学,生物,

学号：,481,,班级:,高二12班
星期一,英语,生物,数学,地理,语文,物理,班会,
星期二,数学,地理,英语,英语,体育,自习,
星期三,数学,数学,语文,语文,物理,地理,生物,
星期四,语文,数学,生物,英语,体育,自习,物理,
星期五,数学,语文,英语,单双周,生物,物理,地理,

学号：,482,,班级:,高二11班
星期一,数学,物理,政治,生物,英语,自习,班会,
星期二,数学,生物,语文,语文,体育,政治,
星期三,数学,语文,英语,英语,政治,生物,物理,
星期四,数学,语文,物理,英语,自习,体育,单双周,
星期五,数学,数学,语文,英语,物理,政治,生物,

学号：,483,,班级:,高二11班
星期一,数学,物理,政治,生物,英语,自习,班会,
星期二,数学,生物,语文,语文,体育,政治,
星期三,数学,语文,英语,英语,政治,生物,物理,
星期四,数学,语文,物理,英语,自习,体育,单双周,
星期五,数学,数学,语文,英语,物理,政治,生物,

学号：,484,,班级:,高二12班
星期一,英语,历史,数学,地理,语文,物理,班会,
星期二,数学,地理,英语,英语,体育,自习,
星期三,数学,数学,语文,语文,物理,地理,历史,
星期四,语文,数学,历史,英语,体育,自习,物理,
星期五,数学,语文,英语,单双周,历史,物理,地理,

学号：,485,,班级:,高二12班
星期一,英语,政治,数学,历史,语文,物理,班会,
星期二,数学,历史,英语,英语,体育,自习,
星期三,数学,数学,语文,语文,物理,历史,政治,
星期四,语文,数学,政治,英语,体育,自习,物理,
星期五,数学,语文,英语,单双周,政治,物理,历史,

学号：,486,,班级:,高二12班
星期一,英语,历史,数学,生物,语文,物理,班会,
星期二,数学,生物,英语,英语,体育,自习,
星期三,数学,数学,语文,语文,物理,生物,历史,
星期四,语文,数学,历史,英语,体育,自习,物理,
星期五,数学,语文,英语,单双周,历史,物理,生物,

学号：,487,,班级:,高二11班
星期一,数学,物理,政治,生物,英语,自习,班会,
星期二,数学,生物,语文,语文,体育,政治,
星期三,数学,语文,英语,英语,政治,生物,物理,
星期四,数学,语文,物理,英语,自习,体育,单双周,
星期五,数学,数学,语文,英语,物理,政治,生物,

学号：,488,,班级:,高二13班
星期一,数学,历史,化学,物理,英语,单双周,班会,
星期二,语文,物理,数学,英语,自习,化学,体育,
星期三,语文,语文,数学,数学,物理,历史,
星期四,数学,语文,历史,英语,化学,自习,体育,
星期五,语文,数学,英语,英语,历史,化学,物理,

学号：,489,,班级:,高二12班
星期一,英语,生物,数学,化学,语文,物理,班会,
星期二,数学,化学,英语,英语,体育,自习,
星期三,数学,数学,语文,语文,物理,化学,生物,
星期四,语文,数学,生物,英语,体育,自习,物理,
星期五,数学,语文,英语,单双周,生物,物理,化学,

学号：,490,,班级:,高二13班
星期一,数学,物理,化学,地理,英语,单双周,班会,
星期二,语文,地理,数学,英语,自习,化学,体育,
星期三,语文,语文,数学,数学,地理,物理,
星期四,数学,语文,物理,英语,化学,自习,体育,
星期五,语文,数学,英语,英语,物理,化学,地理,

学号：,491,,班级:,高二12班
星期一,英语,历史,数学,化学,语文,物理,班会,
星期二,数学,化学,英语,英语,体育,自习,
星期三,数学,数学,语文,语文,物理,化学,历史,
星期四,语文,数学,历史,英语,体育,自习,物理,
星期五,数学,语文,英语,单双周,历史,物理,化学,

学号：,492,,班级:,高二12班
星期一,英语,政治,数学,化学,语文,物理,班会,
星期二,数学,化学,英语,英语,体育,自习,
星期三,数学,数学,语文,语文,物理,化学,政治,
星期四,语文,数学,政治,英语,体育,自习,物理,
星期五,数学,语文,英语,单双周,政治,物理,化学,

学号：,493,,班级:,高二13班
星期一,数学,生物,化学,地理,英语,单双周,班会,
星期二,语文,地理,数学,英语,自习,化学,体育,
星期三,语文,语文,数学,数学,地理,生物,
星期四,数学,语文,生物,英语,化学,自习,体育,
星期五,语文,数学,英语,英语,生物,化学,地理,

学号：,494,,班级:,高二13班
星期一,数学,物理,化学,生物,英语,单双周,班会,
星期二,语文,生物,数学,英语,自习,化学,体育,
星期三,语文,语文,数学,数学,生物,物理,
星期四,数学,语文,物理,英语,化学,自习,体育,
星期五,语文,数学,英语,英语,物理,化学,生物,

学号：,495,,班级:,高二12班
星期一,英语,历史,数学,生物,语文,物理,班会,
星期二,数学,生物,英语,英语,体育,自习,
星期三,数学,数学,语文,语文,物理,生物,历史,
星期四,语文,数学,历史,英语,体育,自习,物理,
星期五,数学,语文,英语,单双周,历史,物理,生物,

学号：,496,,班级:,高二13班
星期一,数学,生物,化学,地理,英语,单双周,班会,
星期二,语文,地理,数学,英语,自习,化学,体育,
星期三,语文,语文,数学,数学,地理,生物,
星期四,数学,语文,生物,英语,化学,自习,体育,
星期五,语文,数学,英语,英语,生物,化学,地理,

学号：,497,,班级:,高二13班
星期一,数学,生物,化学,地理,英语,单双周,班会,
星期二,语文,地理,数学,英语,自习,化学,体育,
星期三,语文,语文,数学,数学,地理,生物,
星期四,数学,语文,生物,英语,化学,自习,体育,
星期五,语文,数学,英语,英语,生物,化学,地理,

学号：,498,,班级:,高二12班
星期一,英语,生物,数学,化学,语文,物理,班会,
星期二,数学,化学,英语,英语,体育,自习,
星期三,数学,数学,语文,语文,物理,化学,生物,
星期四,语文,数学,生物,英语,体育,自习,物理,
星期五,数学,语文,英语,单双周,生物,物理,化学,

学号：,499,,班级:,高二13班
星期一,数学,生物,化学,地理,英语,单双周,班会,
星期二,语文,地理,数学,英语,自习,化学,体育,
星期三,语文,语文,数学,数学,地理,生物,
星期四,数学,语文,生物,英语,化学,自习,体育,
星期五,语文,数学,英语,英语,生物,化学,地理,

学号：,500,,班级:,高二11班
星期一,数学,物理,政治,生物,英语,自习,班会,
星期二,数学,生物,语文,语文,体育,政治,
星期三,数学,语文,英语,英语,政治,生物,物理,
星期四,数学,语文,物理,英语,自习,体育,单双周,
星期五,数学,数学,语文,英语,物理,政治,生物,

学号：,501,,班级:,高二12班
星期一,英语,生物,数学,地理,语文,物理,班会,
星期二,数学,地理,英语,英语,体育,自习,
星期三,数学,数学,语文,语文,物理,地理,生物,
星期四,语文,数学,生物,英语,体育,自习,物理,
星期五,数学,语文,英语,单双周,生物,物理,地理,

学号：,502,,班级:,高二11班
星期一,数学,生物,政治,化学,英语,自习,班会,
星期二,数学,化学,语文,语文,体育,政治,
星期三,数学,语文,英语,英语,政治,化学,生物,
星期四,数学,语文,生物,英语,自习,体育,单双周,
星期五,数学,数学,语文,英语,生物,政治,化学,

学号：,503,,班级:,高二11班
星期一,数学,生物,政治,地理,英语,自习,班会,
星期二,数学,地理,语文,语文,体育,政治,
星期三,数学,语文,英语,英语,政治,地理,生物,
星期四,数学,语文,生物,英语,自习,体育,单双周,
星期五,数学,数学,语文,英语,生物,政治,地理,

学号：,504,,班级:,高二13班
星期一,数学,物理,化学,政治,英语,单双周,班会,
星期二,语文,政治,数学,英语,自习,化学,体育,
星期三,语文,语文,数学,数学,政治,物理,
星期四,数学,语文,物理,英语,化学,自习,体育,
星期五,语文,数学,英语,英语,物理,化学,政治,

学号：,505,,班级:,高二13班
星期一,数学,政治,化学,地理,英语,单双周,班会,
星期二,语文,地理,数学,英语,自习,化学,体育,
星期三,语文,语文,数学,数学,地理,政治,
星期四,数学,语文,政治,英语,化学,自习,体育,
星期五,语文,数学,英语,英语,政治,化学,地理,

学号：,506,,班级:,高二11班
星期一,数学,生物,政治,化学,英语,自习,班会,
星期二,数学,化学,语文,语文,体育,政治,
星期三,数学,语文,英语,英语,政治,化学,生物,
星期四,数学,语文,生物,英语,自习,体育,单双周,
星期五,数学,数学,语文,英语,生物,政治,化学,

学号：,507,,班级:,高二11班
星期一,数学,物理,政治,化学,英语,自习,班会,
星期二,数学,化学,语文,语文,体育,政治,
星期三,数学,语文,英语,英语,政治,化学,物理,
星期四,数学,语文,物理,英语,自习,体育,单双周,
星期五,数学,数学,语文,英语,物理,政治,化学,

学号：,508,,班级:,高二13班
星期一,数学,政治,化学,地理,英语,单双周,班会,
星期二,语文,地理,数学,英语,自习,化学,体育,
星期三,语文,语文,数学,数学,地理,政治,
星期四,数学,语文,政治,英语,化学,自习,体育,
星期五,语文,数学,英语,英语,政治,化学,地理,

学号：,509,,班级:,高二13班
星期一,数学,生物,化学,地理,英语,单双周,班会,
星期二,语文,地理,数学,英语,自习,化学,体育,
星期三,语文,语文,数学,数学,地理,生物,
星期四,数学,语文,生物,英语,化学,自习,体育,
星期五,语文,数学,英语,英语,生物,化学,地理,

学号：,510,,班级:,高二12班
星期一,英语,历史,数学,生物,语文,物理,班会,
星期二,数学,生物,英语,英语,体育,自习,
星期三,数学,数学,语文,语文,物理,生物,历史,
星期四,语文,数学,历史,英语,体育,自习,物理,
星期五,数学,语文,英语,单双周,历史,物理,生物,

学号：,511,,班级:,高二12班
星期一,英语,历史,数学,化学,语文,物理,班会,
星期二,数学,化学,英语,英语,体育,自习,
星期三,数学,数学,语文,语文,物理,化学,历史,
星期四,语文,数学,历史,英语,体育,自习,物理,
星期五,数学,语文,英语,单双周,历史,物理,化学,

学号：,512,,班级:,高二11班
星期一,数学,物理,政治,生物,英语,自习,班会,
星期二,数学,生物,语文,语文,体育,政治,
星期三,数学,语文,英语,英语,政治,生物,物理,
星期四,数学,语文,物理,英语,自习,体育,单双周,
星期五,数学,数学,语文,英语,物理,政治,生物,

学号：,513,,班级:,高二12班
星期一,英语,生物,数学,地理,语文,物理,班会,
星期二,数学,地理,英语,英语,体育,自习,
星期三,数学,数学,语文,语文,物理,地理,生物,
星期四,语文,数学,生物,英语,体育,自习,物理,
星期五,数学,语文,英语,单双周,生物,物理,地理,

学号：,514,,班级:,高二12班
星期一,英语,政治,数学,生物,语文,物理,班会,
星期二,数学,生物,英语,英语,体育,自习,
星期三,数学,数学,语文,语文,物理,生物,政治,
星期四,语文,数学,政治,英语,体育,自习,物理,
星期五,数学,语文,英语,单双周,政治,物理,生物,

学号：,515,,班级:,高二12班
星期一,英语,历史,数学,生物,语文,物理,班会,
星期二,数学,生物,英语,英语,体育,自习,
星期三,数学,数学,语文,语文,物理,生物,历史,
星期四,语文,数学,历史,英语,体育,自习,物理,
星期五,数学,语文,英语,单双周,历史,物理,生物,

学号：,517,,班级:,高二12班
星期一,英语,政治,数学,化学,语文,物理,班会,
星期二,数学,化学,英语,英语,体育,自习,
星期三,数学,数学,语文,语文,物理,化学,政治,
星期四,语文,数学,政治,英语,体育,自习,物理,
星期五,数学,语文,英语,单双周,政治,物理,化学,

学号：,518,,班级:,高二12班
星期一,英语,历史,数学,地理,语文,物理,班会,
星期二,数学,地理,英语,英语,体育,自习,
星期三,数学,数学,语文,语文,物理,地理,历史,
星期四,语文,数学,历史,英语,体育,自习,物理,
星期五,数学,语文,英语,单双周,历史,物理,地理,

学号：,519,,班级:,高二13班
星期一,数学,物理,化学,地理,英语,单双周,班会,
星期二,语文,地理,数学,英语,自习,化学,体育,
星期三,语文,语文,数学,数学,地理,物理,
星期四,数学,语文,物理,英语,化学,自习,体育,
星期五,语文,数学,英语,英语,物理,化学,地理,

学号：,520,,班级:,高二12班
星期一,英语,地理,数学,化学,语文,物理,班会,
星期二,数学,化学,英语,英语,体育,自习,
星期三,数学,数学,语文,语文,物理,化学,地理,
星期四,语文,数学,地理,英语,体育,自习,物理,
星期五,数学,语文,英语,单双周,地理,物理,化学,

